-- phpMyAdmin SQL Dump
-- version 5.1.1
-- https://www.phpmyadmin.net/
--
-- Host: localhost
-- Czas generowania: 16 Gru 2021, 11:19
-- Wersja serwera: 10.6.5-MariaDB
-- Wersja PHP: 8.0.13

SET SQL_MODE = "NO_AUTO_VALUE_ON_ZERO";
START TRANSACTION;
SET time_zone = "+00:00";


/*!40101 SET @OLD_CHARACTER_SET_CLIENT=@@CHARACTER_SET_CLIENT */;
/*!40101 SET @OLD_CHARACTER_SET_RESULTS=@@CHARACTER_SET_RESULTS */;
/*!40101 SET @OLD_COLLATION_CONNECTION=@@COLLATION_CONNECTION */;
/*!40101 SET NAMES utf8mb4 */;

--
-- Baza danych: `szpilmajster`
--

-- --------------------------------------------------------

--
-- Struktura tabeli dla tabeli `articles`
--

CREATE TABLE `articles` (
  `id_article` int(11) NOT NULL,
  `author` int(11) DEFAULT NULL,
  `title` varchar(255) CHARACTER SET utf8mb3 COLLATE utf8mb3_polish_ci NOT NULL,
  `content` text CHARACTER SET utf8mb3 COLLATE utf8mb3_polish_ci NOT NULL,
  `date_added` datetime NOT NULL,
  `date_modified` datetime NOT NULL,
  `id_category` int(11) DEFAULT NULL,
  `image` varchar(260) COLLATE utf8mb4_polish_ci DEFAULT NULL,
  `recommended` tinyint(1) DEFAULT NULL
) ENGINE=InnoDB DEFAULT CHARSET=utf8mb4 COLLATE=utf8mb4_polish_ci;

--
-- Zrzut danych tabeli `articles`
--

INSERT INTO `articles` (`id_article`, `author`, `title`, `content`, `date_added`, `date_modified`, `id_category`, `image`, `recommended`) VALUES
(42, 21, 'Wiedźmin 3: Dziki Gon', 'Lorem ipsum dolor sit amet, consectetur adipiscing elit. Ut quis ullamcorper sapien. Morbi suscipit ultricies risus. Curabitur aliquam rutrum tellus et convallis. Suspendisse augue dui, vestibulum id odio ac, tristique hendrerit metus. Sed ut dui id ipsum sodales iaculis. Duis a massa dapibus, rhoncus neque auctor, posuere sapien. Maecenas in vehicula velit.\r\n\r\n## Fabuła\r\nMauris vel molestie lectus, vitae rhoncus est. Duis eget lectus et mauris placerat pharetra. Nam tempus eget diam in cursus. Vestibulum porttitor ipsum metus. Quisque cursus congue luctus. Nunc vel nisl vitae nibh maximus consequat sit amet quis nisl. Sed aliquam viverra sapien mattis viverra. In porttitor, augue non posuere malesuada, magna quam condimentum dui, vel aliquet nunc mi ac lacus. Nullam luctus tellus ut lorem blandit mollis quis sit amet mauris. Quisque eu mattis nisi. Quisque quis arcu tortor. Phasellus cursus pellentesque orci non semper. Orci varius natoque penatibus et magnis dis parturient montes, nascetur ridiculus mus. Aenean in aliquam ante. Duis rutrum erat eget leo semper aliquet. Donec sapien massa, facilisis laoreet ante nec, dictum suscipit velit.\r\n\r\nSuspendisse eu metus bibendum, sodales urna tincidunt, iaculis erat. Pellentesque scelerisque mollis sem, quis efficitur tortor vestibulum sit amet. In rhoncus est vel quam faucibus, quis sodales ex convallis. Maecenas vel ipsum consequat, accumsan arcu et, vehicula dolor. Duis placerat enim nec dui sagittis, a mattis orci euismod. Pellentesque blandit eu dolor sed imperdiet. Donec gravida bibendum arcu, quis volutpat sem fermentum sit amet. Nunc at felis sodales, tincidunt eros vel, tristique leo.\r\n\r\nPhasellus ut efficitur risus, quis pellentesque arcu. Integer imperdiet tellus velit, vel blandit neque maximus at. Maecenas ullamcorper ligula urna, ut vehicula turpis pulvinar mollis. Vestibulum vestibulum odio leo, eget volutpat dui maximus mattis. Fusce dapibus sed lorem sed luctus. Suspendisse gravida convallis malesuada. In quis pharetra arcu, ut venenatis massa. Pellentesque ornare, elit placerat porttitor sodales, lacus orci semper mauris, a accumsan ex ligula non augue.\r\n\r\nAenean et pellentesque ligula. Ut et turpis eget mi mollis viverra. Duis neque libero, posuere quis porttitor a, aliquam id metus. Fusce ut lorem ac risus vestibulum finibus. Suspendisse ullamcorper eros pretium nisi venenatis, eget rhoncus nisl convallis. Sed pellentesque nisl vitae nunc consectetur, eu congue enim dictum. Quisque pellentesque arcu nunc, ut commodo dolor scelerisque id. Nam pellentesque in nisi nec ornare. Integer vulputate, nibh sit amet sollicitudin vehicula, leo eros consectetur urna, id sodales turpis felis sit amet turpis. Curabitur id quam molestie, tincidunt dui at, faucibus orci. Nullam lectus mauris, sagittis eget tristique ac, placerat a augue. Sed vel ornare mauris.\r\n\r\n## Grafika\r\nVivamus malesuada, tellus eu placerat aliquam, tellus purus gravida nibh, vel ornare magna eros at ipsum. Morbi pulvinar, augue vel sodales tincidunt, massa lectus tincidunt ipsum, at egestas lorem nunc eget leo. Morbi pretium nisi eget enim fermentum efficitur. Vestibulum id hendrerit quam, egestas vulputate ipsum. Nulla vitae dictum nunc, quis finibus elit. Curabitur pretium sapien non magna porta, et rhoncus purus tincidunt. Mauris auctor ligula et sodales dapibus. Duis interdum lectus vulputate orci eleifend, nec vehicula odio vehicula. Morbi feugiat eros nec congue efficitur. Praesent viverra feugiat augue, id vulputate massa interdum ut. Cras et tempus dolor. Pellentesque elementum molestie iaculis. Pellentesque at velit vehicula, sodales augue nec, auctor sapien.\r\n\r\n![grafika](https://a.allegroimg.com/s512/113cfe/094ac39e4ac4ba8d290fb556de33/Wiedzmin-3-Dziki-Gon-PL-GOTY-XBOX-ONE-EAN-5907610748931)\r\n\r\nQuisque congue erat vel ligula volutpat, eget placerat sem sollicitudin. Morbi fringilla, sem nec iaculis faucibus, lacus turpis pellentesque lacus, id suscipit nulla odio nec arcu. Vestibulum tortor risus, lacinia vel luctus laoreet, aliquam in elit. Sed id porttitor ligula. Nulla finibus metus ante, sit amet scelerisque tortor laoreet nec. Sed porttitor lacus ac massa porta, eget malesuada metus facilisis. Integer vestibulum tempus venenatis. Donec porttitor venenatis nisi ac volutpat.\r\n\r\n## Rozgrywka\r\nMauris quam quam, eleifend a nibh at, porttitor interdum justo. Duis nec est quam. Nullam egestas lacus sed condimentum euismod. Vestibulum ante ipsum primis in faucibus orci luctus et ultrices posuere cubilia curae; Vestibulum non bibendum nulla. Sed ac diam sagittis, luctus quam dictum, pellentesque nibh. Vivamus sodales semper eros vitae consectetur. Duis urna nisl, gravida vel gravida sed, ultrices vel tellus. Vivamus mattis ultricies lacus at consequat. Donec iaculis, purus eu gravida euismod, ex sem tincidunt odio, et elementum tortor ipsum a ligula. Vivamus dui nisl, auctor sed tellus et, feugiat lobortis purus. Phasellus non lacus convallis, faucibus libero vel, malesuada ante. Morbi facilisis lectus vitae felis cursus, in sollicitudin sem consequat. Morbi mauris velit, convallis et vehicula sit amet, tincidunt id velit. Aenean orci tortor, scelerisque cursus metus ut, ultricies maximus tellus.\r\n\r\nCurabitur ultricies nec orci a maximus. Vestibulum ante ipsum primis in faucibus orci luctus et ultrices posuere cubilia curae; Cras at fermentum purus, eget aliquet ex. Quisque pretium, nisi in egestas ornare, ante risus ultricies metus, nec semper sem ipsum nec tortor. Nam scelerisque ex in urna egestas feugiat. Vestibulum efficitur sagittis porttitor. Nam leo sapien, porta vitae volutpat nec, molestie vitae sapien. Ut blandit leo pretium erat interdum varius. Phasellus eget elementum nunc. Quisque laoreet lacus ut nisl dictum, vitae mattis quam volutpat. Mauris ultricies magna non fermentum dapibus.\r\n\r\nProin commodo urna ac feugiat ornare. Integer sagittis non lacus ac aliquet. Mauris felis nibh, malesuada nec turpis et, fringilla scelerisque felis. Ut sollicitudin pulvinar dolor et dapibus. Maecenas lorem felis, mattis ac euismod non, dapibus ut urna. Pellentesque sit amet eleifend mauris. Curabitur dolor nulla, ultrices eu efficitur ac, euismod sed nulla. Cras at massa mauris. Mauris eget accumsan quam, sed sagittis est. Sed tellus tellus, interdum sed pulvinar ac, placerat vitae erat. Sed nec dolor turpis. Quisque cursus commodo interdum. Cras dapibus malesuada libero eu molestie.', '2021-12-16 10:12:10', '2021-12-16 10:12:10', 1, 'w3.jpg', 1),
(43, 21, 'Cyberpunk 2077', 'Lorem ipsum dolor sit amet, consectetur adipiscing elit. Ut quis ullamcorper sapien. Morbi suscipit ultricies risus. Curabitur aliquam rutrum tellus et convallis. Suspendisse augue dui, vestibulum id odio ac, tristique hendrerit metus. Sed ut dui id ipsum sodales iaculis. Duis a massa dapibus, rhoncus neque auctor, posuere sapien. Maecenas in vehicula velit.\r\n\r\n## Rozczarowanie\r\nMauris vel molestie lectus, vitae rhoncus est. Duis eget lectus et mauris placerat pharetra. Nam tempus eget diam in cursus. Vestibulum porttitor ipsum metus. Quisque cursus congue luctus. Nunc vel nisl vitae nibh maximus consequat sit amet quis nisl. Sed aliquam viverra sapien mattis viverra. In porttitor, augue non posuere malesuada, magna quam condimentum dui, vel aliquet nunc mi ac lacus. Nullam luctus tellus ut lorem blandit mollis quis sit amet mauris. Quisque eu mattis nisi. Quisque quis arcu tortor. Phasellus cursus pellentesque orci non semper. Orci varius natoque penatibus et magnis dis parturient montes, nascetur ridiculus mus. Aenean in aliquam ante. Duis rutrum erat eget leo semper aliquet. Donec sapien massa, facilisis laoreet ante nec, dictum suscipit velit.\r\n\r\n> Suspendisse eu metus bibendum, sodales urna tincidunt, iaculis erat. Pellentesque scelerisque mollis sem, quis efficitur tortor vestibulum sit amet. In rhoncus est vel quam faucibus, quis sodales ex convallis. Maecenas vel ipsum consequat, accumsan arcu et, vehicula dolor. Duis placerat enim nec dui sagittis, a mattis orci euismod. Pellentesque blandit eu dolor sed imperdiet. Donec gravida bibendum arcu, quis volutpat sem fermentum sit amet. Nunc at felis sodales, tincidunt eros vel, tristique leo.\r\n\r\nPhasellus ut efficitur risus, quis pellentesque arcu. Integer imperdiet tellus velit, vel blandit neque maximus at. Maecenas ullamcorper ligula urna, ut vehicula turpis pulvinar mollis. Vestibulum vestibulum odio leo, eget volutpat dui maximus mattis. Fusce dapibus sed lorem sed luctus. Suspendisse gravida convallis malesuada. In quis pharetra arcu, ut venenatis massa. Pellentesque ornare, elit placerat porttitor sodales, lacus orci semper mauris, a accumsan ex ligula non augue.\r\n\r\n## Grafika\r\nAenean et pellentesque ligula. Ut et turpis eget mi mollis viverra. Duis neque libero, posuere quis porttitor a, aliquam id metus. Fusce ut lorem ac risus vestibulum finibus. Suspendisse ullamcorper eros pretium nisi venenatis, eget rhoncus nisl convallis. Sed pellentesque nisl vitae nunc consectetur, eu congue enim dictum. Quisque pellentesque arcu nunc, ut commodo dolor scelerisque id. Nam pellentesque in nisi nec ornare. Integer vulputate, nibh sit amet sollicitudin vehicula, leo eros consectetur urna, id sodales turpis felis sit amet turpis. Curabitur id quam molestie, tincidunt dui at, faucibus orci. Nullam lectus mauris, sagittis eget tristique ac, placerat a augue. Sed vel ornare mauris.\r\n\r\n![johny](https://www.gry-online.pl/i/h/17/376864017.jpg)\r\n\r\nVivamus malesuada, tellus eu placerat aliquam, tellus purus gravida nibh, vel ornare magna eros at ipsum. Morbi pulvinar, augue vel sodales tincidunt, massa lectus tincidunt ipsum, at egestas lorem nunc eget leo. Morbi pretium nisi eget enim fermentum efficitur. Vestibulum id hendrerit quam, egestas vulputate ipsum. Nulla vitae dictum nunc, quis finibus elit. Curabitur pretium sapien non magna porta, et rhoncus purus tincidunt. Mauris auctor ligula et sodales dapibus. Duis interdum lectus vulputate orci eleifend, nec vehicula odio vehicula. Morbi feugiat eros nec congue efficitur. Praesent viverra feugiat augue, id vulputate massa interdum ut. Cras et tempus dolor. Pellentesque elementum molestie iaculis. Pellentesque at velit vehicula, sodales augue nec, auctor sapien.\r\n\r\n![johny](https://ocdn.eu/pulscms-transforms/1/Adik9kpTURBXy8wMjkwY2YxYTQyNWI4NGFhNDIzZWJkNTZkOWExMzY3ZS5wbmeSlQLNAxQAwsOVAgDNA8DCw4GhMAE)\r\n\r\nQuisque congue erat vel ligula volutpat, eget placerat sem sollicitudin. Morbi fringilla, sem nec iaculis faucibus, lacus turpis pellentesque lacus, id suscipit nulla odio nec arcu. Vestibulum tortor risus, lacinia vel luctus laoreet, aliquam in elit. Sed id porttitor ligula. Nulla finibus metus ante, sit amet scelerisque tortor laoreet nec. Sed porttitor lacus ac massa porta, eget malesuada metus facilisis. Integer vestibulum tempus venenatis. Donec porttitor venenatis nisi ac volutpat.\r\n\r\n## Podsumowanie\r\nMauris quam quam, eleifend a nibh at, porttitor interdum justo. Duis nec est quam. Nullam egestas lacus sed condimentum euismod. Vestibulum ante ipsum primis in faucibus orci luctus et ultrices posuere cubilia curae; Vestibulum non bibendum nulla. Sed ac diam sagittis, luctus quam dictum, pellentesque nibh. Vivamus sodales semper eros vitae consectetur. Duis urna nisl, gravida vel gravida sed, ultrices vel tellus. Vivamus mattis ultricies lacus at consequat. Donec iaculis, purus eu gravida euismod, ex sem tincidunt odio, et elementum tortor ipsum a ligula. Vivamus dui nisl, auctor sed tellus et, feugiat lobortis purus. Phasellus non lacus convallis, faucibus libero vel, malesuada ante. Morbi facilisis lectus vitae felis cursus, in sollicitudin sem consequat. Morbi mauris velit, convallis et vehicula sit amet, tincidunt id velit. Aenean orci tortor, scelerisque cursus metus ut, ultricies maximus tellus.\r\n\r\nCurabitur ultricies nec orci a maximus. Vestibulum ante ipsum primis in faucibus orci luctus et ultrices posuere cubilia curae; Cras at fermentum purus, eget aliquet ex. Quisque pretium, nisi in egestas ornare, ante risus ultricies metus, nec semper sem ipsum nec tortor. Nam scelerisque ex in urna egestas feugiat. Vestibulum efficitur sagittis porttitor. Nam leo sapien, porta vitae volutpat nec, molestie vitae sapien. Ut blandit leo pretium erat interdum varius. Phasellus eget elementum nunc. Quisque laoreet lacus ut nisl dictum, vitae mattis quam volutpat. Mauris ultricies magna non fermentum dapibus.\r\n\r\nProin commodo urna ac feugiat ornare. Integer sagittis non lacus ac aliquet. Mauris felis nibh, malesuada nec turpis et, fringilla scelerisque felis. Ut sollicitudin pulvinar dolor et dapibus. Maecenas lorem felis, mattis ac euismod non, dapibus ut urna. Pellentesque sit amet eleifend mauris. Curabitur dolor nulla, ultrices eu efficitur ac, euismod sed nulla. Cras at massa mauris. Mauris eget accumsan quam, sed sagittis est. Sed tellus tellus, interdum sed pulvinar ac, placerat vitae erat. Sed nec dolor turpis. Quisque cursus commodo interdum. Cras dapibus malesuada libero eu molestie.', '2021-12-16 10:12:45', '2021-12-16 10:12:45', 1, 'cyber.jpg', 1),
(44, 21, 'Cywilizacja szósta', 'Lorem ipsum dolor sit amet, consectetur adipiscing elit. Ut quis ullamcorper sapien. Morbi suscipit ultricies risus. Curabitur aliquam rutrum tellus et convallis. Suspendisse augue dui, vestibulum id odio ac, tristique hendrerit metus. Sed ut dui id ipsum sodales iaculis. Duis a massa dapibus, rhoncus neque auctor, posuere sapien. Maecenas in vehicula velit.\r\n\r\n## Nowości\r\nMauris vel molestie lectus, vitae rhoncus est. Duis eget lectus et mauris placerat pharetra. Nam tempus eget diam in cursus. Vestibulum porttitor ipsum metus. Quisque cursus congue luctus. Nunc vel nisl vitae nibh maximus consequat sit amet quis nisl. Sed aliquam viverra sapien mattis viverra. In porttitor, augue non posuere malesuada, magna quam condimentum dui, vel aliquet nunc mi ac lacus. Nullam luctus tellus ut lorem blandit mollis quis sit amet mauris. Quisque eu mattis nisi. Quisque quis arcu tortor. Phasellus cursus pellentesque orci non semper. Orci varius natoque penatibus et magnis dis parturient montes, nascetur ridiculus mus. Aenean in aliquam ante. Duis rutrum erat eget leo semper aliquet. Donec sapien massa, facilisis laoreet ante nec, dictum suscipit velit.\r\n\r\nSuspendisse eu metus bibendum, sodales urna tincidunt, iaculis erat. Pellentesque scelerisque mollis sem, quis efficitur tortor vestibulum sit amet. In rhoncus est vel quam faucibus, quis sodales ex convallis. Maecenas vel ipsum consequat, accumsan arcu et, vehicula dolor. Duis placerat enim nec dui sagittis, a mattis orci euismod. Pellentesque blandit eu dolor sed imperdiet. Donec gravida bibendum arcu, quis volutpat sem fermentum sit amet. Nunc at felis sodales, tincidunt eros vel, tristique leo.\r\n\r\nPhasellus ut efficitur risus, quis pellentesque arcu. Integer imperdiet tellus velit, vel blandit neque maximus at. Maecenas ullamcorper ligula urna, ut vehicula turpis pulvinar mollis. Vestibulum vestibulum odio leo, eget volutpat dui maximus mattis. Fusce dapibus sed lorem sed luctus. Suspendisse gravida convallis malesuada. In quis pharetra arcu, ut venenatis massa. Pellentesque ornare, elit placerat porttitor sodales, lacus orci semper mauris, a accumsan ex ligula non augue.\r\n\r\n\r\n## Mechanika\r\nAenean et pellentesque ligula. Ut et turpis eget mi mollis viverra. Duis neque libero, posuere quis porttitor a, aliquam id metus. Fusce ut lorem ac risus vestibulum finibus. Suspendisse ullamcorper eros pretium nisi venenatis, eget rhoncus nisl convallis. Sed pellentesque nisl vitae nunc consectetur, eu congue enim dictum. Quisque pellentesque arcu nunc, ut commodo dolor scelerisque id. Nam pellentesque in nisi nec ornare. Integer vulputate, nibh sit amet sollicitudin vehicula, leo eros consectetur urna, id sodales turpis felis sit amet turpis. Curabitur id quam molestie, tincidunt dui at, faucibus orci. Nullam lectus mauris, sagittis eget tristique ac, placerat a augue. Sed vel ornare mauris.\r\n\r\n![mapa](https://allegro.stati.pl/AllegroIMG/PRODUCENCI/CENEGA/Sid%20Meiers%20Civilization%20VI/PC/fresh/f2.jpg)\r\n\r\nVivamus malesuada, tellus eu placerat aliquam, tellus purus gravida nibh, vel ornare magna eros at ipsum. Morbi pulvinar, augue vel sodales tincidunt, massa lectus tincidunt ipsum, at egestas lorem nunc eget leo. Morbi pretium nisi eget enim fermentum efficitur. Vestibulum id hendrerit quam, egestas vulputate ipsum. Nulla vitae dictum nunc, quis finibus elit. Curabitur pretium sapien non magna porta, et rhoncus purus tincidunt. Mauris auctor ligula et sodales dapibus. Duis interdum lectus vulputate orci eleifend, nec vehicula odio vehicula. Morbi feugiat eros nec congue efficitur. Praesent viverra feugiat augue, id vulputate massa interdum ut. Cras et tempus dolor. Pellentesque elementum molestie iaculis. Pellentesque at velit vehicula, sodales augue nec, auctor sapien.\r\n\r\nQuisque congue erat vel ligula volutpat, eget placerat sem sollicitudin. Morbi fringilla, sem nec iaculis faucibus, lacus turpis pellentesque lacus, id suscipit nulla odio nec arcu. Vestibulum tortor risus, lacinia vel luctus laoreet, aliquam in elit. Sed id porttitor ligula. Nulla finibus metus ante, sit amet scelerisque tortor laoreet nec. Sed porttitor lacus ac massa porta, eget malesuada metus facilisis. Integer vestibulum tempus venenatis. Donec porttitor venenatis nisi ac volutpat.\r\n\r\n\r\n## Porównanie przywódców\r\nMauris quam quam, eleifend a nibh at, porttitor interdum justo. Duis nec est quam. Nullam egestas lacus sed condimentum euismod. Vestibulum ante ipsum primis in faucibus orci luctus et ultrices posuere cubilia curae; Vestibulum non bibendum nulla. Sed ac diam sagittis, luctus quam dictum, pellentesque nibh. Vivamus sodales semper eros vitae consectetur. Duis urna nisl, gravida vel gravida sed, ultrices vel tellus. Vivamus mattis ultricies lacus at consequat. Donec iaculis, purus eu gravida euismod, ex sem tincidunt odio, et elementum tortor ipsum a ligula. Vivamus dui nisl, auctor sed tellus et, feugiat lobortis purus. Phasellus non lacus convallis, faucibus libero vel, malesuada ante. Morbi facilisis lectus vitae felis cursus, in sollicitudin sem consequat. Morbi mauris velit, convallis et vehicula sit amet, tincidunt id velit. Aenean orci tortor, scelerisque cursus metus ut, ultricies maximus tellus.\r\n\r\n![civ](https://cdn1.epicgames.com/salesEvent/salesEvent/CVA_EpicEpic_Landscape_Store_2560x1440_2560x1440-bb8ddb45be87c9c95eba62f9025abae9)\r\n\r\nCurabitur ultricies nec orci a maximus. Vestibulum ante ipsum primis in faucibus orci luctus et ultrices posuere cubilia curae; Cras at fermentum purus, eget aliquet ex. Quisque pretium, nisi in egestas ornare, ante risus ultricies metus, nec semper sem ipsum nec tortor. Nam scelerisque ex in urna egestas feugiat. Vestibulum efficitur sagittis porttitor. Nam leo sapien, porta vitae volutpat nec, molestie vitae sapien. Ut blandit leo pretium erat interdum varius. Phasellus eget elementum nunc. Quisque laoreet lacus ut nisl dictum, vitae mattis quam volutpat. Mauris ultricies magna non fermentum dapibus.\r\n\r\n![civ2](https://www.telix.pl/wp-content/uploads/2020/05/diesel_productv2_sid-meiers-civilization-vl_home_egs_sidmeierscivilizationvi_firaxisgames_g1a_06-1920x1080-a18e1100499dabd465dd9f44c27cf9fb1171c3df.jpg)\r\n\r\nProin commodo urna ac feugiat ornare. Integer sagittis non lacus ac aliquet. Mauris felis nibh, malesuada nec turpis et, fringilla scelerisque felis. Ut sollicitudin pulvinar dolor et dapibus. Maecenas lorem felis, mattis ac euismod non, dapibus ut urna. Pellentesque sit amet eleifend mauris. Curabitur dolor nulla, ultrices eu efficitur ac, euismod sed nulla. Cras at massa mauris. Mauris eget accumsan quam, sed sagittis est. Sed tellus tellus, interdum sed pulvinar ac, placerat vitae erat. Sed nec dolor turpis. Quisque cursus commodo interdum. Cras dapibus malesuada libero eu molestie.', '2021-12-16 10:12:48', '2021-12-16 10:12:48', 5, 'civ6.jpg', NULL),
(45, 21, 'Battlefield one - redaktorskim okiem', 'Lorem ipsum dolor sit amet, consectetur adipiscing elit. Ut quis ullamcorper sapien. Morbi suscipit ultricies risus. Curabitur aliquam rutrum tellus et convallis. Suspendisse augue dui, vestibulum id odio ac, tristique hendrerit metus. Sed ut dui id ipsum sodales iaculis. Duis a massa dapibus, rhoncus neque auctor, posuere sapien. Maecenas in vehicula velit.\r\n\r\n![b1](https://store-images.s-microsoft.com/image/apps.11030.71723728477894721.ccae3323-9805-41d3-ae50-dc82948a7d7f.553b97e6-4d70-46b2-83db-ceb07c5f8f5a?q=90&w=480&h=270)\r\n\r\n![b1](https://allegro.stati.pl/AllegroIMG/PRODUCENCI/EA/Battlefield%201/fresh/f3.jpg)\r\n\r\nMauris vel molestie lectus, vitae rhoncus est. Duis eget lectus et mauris placerat pharetra. Nam tempus eget diam in cursus. Vestibulum porttitor ipsum metus. Quisque cursus congue luctus. Nunc vel nisl vitae nibh maximus consequat sit amet quis nisl. Sed aliquam viverra sapien mattis viverra. In porttitor, augue non posuere malesuada, magna quam condimentum dui, vel aliquet nunc mi ac lacus. Nullam luctus tellus ut lorem blandit mollis quis sit amet mauris. Quisque eu mattis nisi. Quisque quis arcu tortor. Phasellus cursus pellentesque orci non semper. Orci varius natoque penatibus et magnis dis parturient montes, nascetur ridiculus mus. Aenean in aliquam ante. Duis rutrum erat eget leo semper aliquet. Donec sapien massa, facilisis laoreet ante nec, dictum suscipit velit.\r\n\r\nSuspendisse eu metus bibendum, sodales urna tincidunt, iaculis erat. Pellentesque scelerisque mollis sem, quis efficitur tortor vestibulum sit amet. In rhoncus est vel quam faucibus, quis sodales ex convallis. Maecenas vel ipsum consequat, accumsan arcu et, vehicula dolor. Duis placerat enim nec dui sagittis, a mattis orci euismod. Pellentesque blandit eu dolor sed imperdiet. Donec gravida bibendum arcu, quis volutpat sem fermentum sit amet. Nunc at felis sodales, tincidunt eros vel, tristique leo.\r\n\r\n## Mechanika\r\nPhasellus ut efficitur risus, quis pellentesque arcu. Integer imperdiet tellus velit, vel blandit neque maximus at. Maecenas ullamcorper ligula urna, ut vehicula turpis pulvinar mollis. Vestibulum vestibulum odio leo, eget volutpat dui maximus mattis. Fusce dapibus sed lorem sed luctus. Suspendisse gravida convallis malesuada. In quis pharetra arcu, ut venenatis massa. Pellentesque ornare, elit placerat porttitor sodales, lacus orci semper mauris, a accumsan ex ligula non augue.\r\n\r\nAenean et pellentesque ligula. Ut et turpis eget mi mollis viverra. Duis neque libero, posuere quis porttitor a, aliquam id metus. Fusce ut lorem ac risus vestibulum finibus. Suspendisse ullamcorper eros pretium nisi venenatis, eget rhoncus nisl convallis. Sed pellentesque nisl vitae nunc consectetur, eu congue enim dictum. Quisque pellentesque arcu nunc, ut commodo dolor scelerisque id. Nam pellentesque in nisi nec ornare. Integer vulputate, nibh sit amet sollicitudin vehicula, leo eros consectetur urna, id sodales turpis felis sit amet turpis. Curabitur id quam molestie, tincidunt dui at, faucibus orci. Nullam lectus mauris, sagittis eget tristique ac, placerat a augue. Sed vel ornare mauris.\r\n\r\nVivamus malesuada, tellus eu placerat aliquam, tellus purus gravida nibh, vel ornare magna eros at ipsum. Morbi pulvinar, augue vel sodales tincidunt, massa lectus tincidunt ipsum, at egestas lorem nunc eget leo. Morbi pretium nisi eget enim fermentum efficitur. Vestibulum id hendrerit quam, egestas vulputate ipsum. Nulla vitae dictum nunc, quis finibus elit. Curabitur pretium sapien non magna porta, et rhoncus purus tincidunt. Mauris auctor ligula et sodales dapibus. Duis interdum lectus vulputate orci eleifend, nec vehicula odio vehicula. Morbi feugiat eros nec congue efficitur. Praesent viverra feugiat augue, id vulputate massa interdum ut. Cras et tempus dolor. Pellentesque elementum molestie iaculis. Pellentesque at velit vehicula, sodales augue nec, auctor sapien.\r\n\r\n\r\n## Fabuła\r\nQuisque congue erat vel ligula volutpat, eget placerat sem sollicitudin. Morbi fringilla, sem nec iaculis faucibus, lacus turpis pellentesque lacus, id suscipit nulla odio nec arcu. Vestibulum tortor risus, lacinia vel luctus laoreet, aliquam in elit. Sed id porttitor ligula. Nulla finibus metus ante, sit amet scelerisque tortor laoreet nec. Sed porttitor lacus ac massa porta, eget malesuada metus facilisis. Integer vestibulum tempus venenatis. Donec porttitor venenatis nisi ac volutpat.\r\n\r\nMauris quam quam, eleifend a nibh at, porttitor interdum justo. Duis nec est quam. Nullam egestas lacus sed condimentum euismod. Vestibulum ante ipsum primis in faucibus orci luctus et ultrices posuere cubilia curae; Vestibulum non bibendum nulla. Sed ac diam sagittis, luctus quam dictum, pellentesque nibh. Vivamus sodales semper eros vitae consectetur. Duis urna nisl, gravida vel gravida sed, ultrices vel tellus. Vivamus mattis ultricies lacus at consequat. Donec iaculis, purus eu gravida euismod, ex sem tincidunt odio, et elementum tortor ipsum a ligula. Vivamus dui nisl, auctor sed tellus et, feugiat lobortis purus. Phasellus non lacus convallis, faucibus libero vel, malesuada ante. Morbi facilisis lectus vitae felis cursus, in sollicitudin sem consequat. Morbi mauris velit, convallis et vehicula sit amet, tincidunt id velit. Aenean orci tortor, scelerisque cursus metus ut, ultricies maximus tellus.\r\n\r\nCurabitur ultricies nec orci a maximus. Vestibulum ante ipsum primis in faucibus orci luctus et ultrices posuere cubilia curae; Cras at fermentum purus, eget aliquet ex. Quisque pretium, nisi in egestas ornare, ante risus ultricies metus, nec semper sem ipsum nec tortor. Nam scelerisque ex in urna egestas feugiat. Vestibulum efficitur sagittis porttitor. Nam leo sapien, porta vitae volutpat nec, molestie vitae sapien. Ut blandit leo pretium erat interdum varius. Phasellus eget elementum nunc. Quisque laoreet lacus ut nisl dictum, vitae mattis quam volutpat. Mauris ultricies magna non fermentum dapibus.\r\n\r\nProin commodo urna ac feugiat ornare. Integer sagittis non lacus ac aliquet. Mauris felis nibh, malesuada nec turpis et, fringilla scelerisque felis. Ut sollicitudin pulvinar dolor et dapibus. Maecenas lorem felis, mattis ac euismod non, dapibus ut urna. Pellentesque sit amet eleifend mauris. Curabitur dolor nulla, ultrices eu efficitur ac, euismod sed nulla. Cras at massa mauris. Mauris eget accumsan quam, sed sagittis est. Sed tellus tellus, interdum sed pulvinar ac, placerat vitae erat. Sed nec dolor turpis. Quisque cursus commodo interdum. Cras dapibus malesuada libero eu molestie.', '2021-12-16 10:12:11', '2021-12-16 10:12:11', 9, 'b1.jpg', NULL),
(46, 23, 'Rayman Legends - klasyk w nowej odsłonie', 'Lorem ipsum dolor sit amet, consectetur adipiscing elit. Ut quis ullamcorper sapien. Morbi suscipit ultricies risus. Curabitur aliquam rutrum tellus et convallis. Suspendisse augue dui, vestibulum id odio ac, tristique hendrerit metus. Sed ut dui id ipsum sodales iaculis. Duis a massa dapibus, rhoncus neque auctor, posuere sapien. Maecenas in vehicula velit.\r\n\r\nMauris vel molestie lectus, vitae rhoncus est. Duis eget lectus et mauris placerat pharetra. Nam tempus eget diam in cursus. Vestibulum porttitor ipsum metus. Quisque cursus congue luctus. Nunc vel nisl vitae nibh maximus consequat sit amet quis nisl. Sed aliquam viverra sapien mattis viverra. In porttitor, augue non posuere malesuada, magna quam condimentum dui, vel aliquet nunc mi ac lacus. Nullam luctus tellus ut lorem blandit mollis quis sit amet mauris. Quisque eu mattis nisi. Quisque quis arcu tortor. Phasellus cursus pellentesque orci non semper. Orci varius natoque penatibus et magnis dis parturient montes, nascetur ridiculus mus. Aenean in aliquam ante. Duis rutrum erat eget leo semper aliquet. Donec sapien massa, facilisis laoreet ante nec, dictum suscipit velit.\r\n\r\n\r\n## Przyjemna rozgrywka\r\nSuspendisse eu metus bibendum, sodales urna tincidunt, iaculis erat. Pellentesque scelerisque mollis sem, quis efficitur tortor vestibulum sit amet. In rhoncus est vel quam faucibus, quis sodales ex convallis. Maecenas vel ipsum consequat, accumsan arcu et, vehicula dolor. Duis placerat enim nec dui sagittis, a mattis orci euismod. Pellentesque blandit eu dolor sed imperdiet. Donec gravida bibendum arcu, quis volutpat sem fermentum sit amet. Nunc at felis sodales, tincidunt eros vel, tristique leo.\r\n\r\nPhasellus ut efficitur risus, quis pellentesque arcu. Integer imperdiet tellus velit, vel blandit neque maximus at. Maecenas ullamcorper ligula urna, ut vehicula turpis pulvinar mollis. Vestibulum vestibulum odio leo, eget volutpat dui maximus mattis. Fusce dapibus sed lorem sed luctus. Suspendisse gravida convallis malesuada. In quis pharetra arcu, ut venenatis massa. Pellentesque ornare, elit placerat porttitor sodales, lacus orci semper mauris, a accumsan ex ligula non augue.\r\n\r\nAenean et pellentesque ligula. Ut et turpis eget mi mollis viverra. Duis neque libero, posuere quis porttitor a, aliquam id metus. Fusce ut lorem ac risus vestibulum finibus. Suspendisse ullamcorper eros pretium nisi venenatis, eget rhoncus nisl convallis. Sed pellentesque nisl vitae nunc consectetur, eu congue enim dictum. Quisque pellentesque arcu nunc, ut commodo dolor scelerisque id. Nam pellentesque in nisi nec ornare. Integer vulputate, nibh sit amet sollicitudin vehicula, leo eros consectetur urna, id sodales turpis felis sit amet turpis. Curabitur id quam molestie, tincidunt dui at, faucibus orci. Nullam lectus mauris, sagittis eget tristique ac, placerat a augue. Sed vel ornare mauris.\r\n\r\n\r\n## Grafika\r\nVivamus malesuada, tellus eu placerat aliquam, tellus purus gravida nibh, vel ornare magna eros at ipsum. Morbi pulvinar, augue vel sodales tincidunt, massa lectus tincidunt ipsum, at egestas lorem nunc eget leo. Morbi pretium nisi eget enim fermentum efficitur. Vestibulum id hendrerit quam, egestas vulputate ipsum. Nulla vitae dictum nunc, quis finibus elit. Curabitur pretium sapien non magna porta, et rhoncus purus tincidunt. Mauris auctor ligula et sodales dapibus. Duis interdum lectus vulputate orci eleifend, nec vehicula odio vehicula. Morbi feugiat eros nec congue efficitur. Praesent viverra feugiat augue, id vulputate massa interdum ut. Cras et tempus dolor. Pellentesque elementum molestie iaculis. Pellentesque at velit vehicula, sodales augue nec, auctor sapien.\r\n\r\n![ray](https://allegro.stati.pl/AllegroIMG/PRODUCENCI/UBISOFT/Rayman%20Legends/fresh/f1.jpg)\r\n\r\nQuisque congue erat vel ligula volutpat, eget placerat sem sollicitudin. Morbi fringilla, sem nec iaculis faucibus, lacus turpis pellentesque lacus, id suscipit nulla odio nec arcu. Vestibulum tortor risus, lacinia vel luctus laoreet, aliquam in elit. Sed id porttitor ligula. Nulla finibus metus ante, sit amet scelerisque tortor laoreet nec. Sed porttitor lacus ac massa porta, eget malesuada metus facilisis. Integer vestibulum tempus venenatis. Donec porttitor venenatis nisi ac volutpat.\r\n\r\nMauris quam quam, eleifend a nibh at, porttitor interdum justo. Duis nec est quam. Nullam egestas lacus sed condimentum euismod. Vestibulum ante ipsum primis in faucibus orci luctus et ultrices posuere cubilia curae; Vestibulum non bibendum nulla. Sed ac diam sagittis, luctus quam dictum, pellentesque nibh. Vivamus sodales semper eros vitae consectetur. Duis urna nisl, gravida vel gravida sed, ultrices vel tellus. Vivamus mattis ultricies lacus at consequat. Donec iaculis, purus eu gravida euismod, ex sem tincidunt odio, et elementum tortor ipsum a ligula. Vivamus dui nisl, auctor sed tellus et, feugiat lobortis purus. Phasellus non lacus convallis, faucibus libero vel, malesuada ante. Morbi facilisis lectus vitae felis cursus, in sollicitudin sem consequat. Morbi mauris velit, convallis et vehicula sit amet, tincidunt id velit. Aenean orci tortor, scelerisque cursus metus ut, ultricies maximus tellus.\r\n\r\nCurabitur ultricies nec orci a maximus. Vestibulum ante ipsum primis in faucibus orci luctus et ultrices posuere cubilia curae; Cras at fermentum purus, eget aliquet ex. Quisque pretium, nisi in egestas ornare, ante risus ultricies metus, nec semper sem ipsum nec tortor. Nam scelerisque ex in urna egestas feugiat. Vestibulum efficitur sagittis porttitor. Nam leo sapien, porta vitae volutpat nec, molestie vitae sapien. Ut blandit leo pretium erat interdum varius. Phasellus eget elementum nunc. Quisque laoreet lacus ut nisl dictum, vitae mattis quam volutpat. Mauris ultricies magna non fermentum dapibus.\r\n\r\nProin commodo urna ac feugiat ornare. Integer sagittis non lacus ac aliquet. Mauris felis nibh, malesuada nec turpis et, fringilla scelerisque felis. Ut sollicitudin pulvinar dolor et dapibus. Maecenas lorem felis, mattis ac euismod non, dapibus ut urna. Pellentesque sit amet eleifend mauris. Curabitur dolor nulla, ultrices eu efficitur ac, euismod sed nulla. Cras at massa mauris. Mauris eget accumsan quam, sed sagittis est. Sed tellus tellus, interdum sed pulvinar ac, placerat vitae erat. Sed nec dolor turpis. Quisque cursus commodo interdum. Cras dapibus malesuada libero eu molestie.', '2021-12-16 10:12:03', '2021-12-16 10:12:03', 13, 'rayman.jpg', NULL),
(47, 23, 'Brother: a tale of two sons - gra arcydzieło', 'Lorem ipsum dolor sit amet, consectetur adipiscing elit. Ut quis ullamcorper sapien. Morbi suscipit ultricies risus. Curabitur aliquam rutrum tellus et convallis. Suspendisse augue dui, vestibulum id odio ac, tristique hendrerit metus. Sed ut dui id ipsum sodales iaculis. Duis a massa dapibus, rhoncus neque auctor, posuere sapien. Maecenas in vehicula velit.\r\n\r\n## O co tu chodzi?\r\n\r\nMauris vel molestie lectus, vitae rhoncus est. Duis eget lectus et mauris placerat pharetra. Nam tempus eget diam in cursus. Vestibulum porttitor ipsum metus. Quisque cursus congue luctus. Nunc vel nisl vitae nibh maximus consequat sit amet quis nisl. Sed aliquam viverra sapien mattis viverra. In porttitor, augue non posuere malesuada, magna quam condimentum dui, vel aliquet nunc mi ac lacus. Nullam luctus tellus ut lorem blandit mollis quis sit amet mauris. Quisque eu mattis nisi. Quisque quis arcu tortor. Phasellus cursus pellentesque orci non semper. Orci varius natoque penatibus et magnis dis parturient montes, nascetur ridiculus mus. Aenean in aliquam ante. Duis rutrum erat eget leo semper aliquet. Donec sapien massa, facilisis laoreet ante nec, dictum suscipit velit.\r\n\r\nSuspendisse eu metus bibendum, sodales urna tincidunt, iaculis erat. Pellentesque scelerisque mollis sem, quis efficitur tortor vestibulum sit amet. In rhoncus est vel quam faucibus, quis sodales ex convallis. Maecenas vel ipsum consequat, accumsan arcu et, vehicula dolor. Duis placerat enim nec dui sagittis, a mattis orci euismod. Pellentesque blandit eu dolor sed imperdiet. Donec gravida bibendum arcu, quis volutpat sem fermentum sit amet. Nunc at felis sodales, tincidunt eros vel, tristique leo.\r\n\r\nPhasellus ut efficitur risus, quis pellentesque arcu. Integer imperdiet tellus velit, vel blandit neque maximus at. Maecenas ullamcorper ligula urna, ut vehicula turpis pulvinar mollis. Vestibulum vestibulum odio leo, eget volutpat dui maximus mattis. Fusce dapibus sed lorem sed luctus. Suspendisse gravida convallis malesuada. In quis pharetra arcu, ut venenatis massa. Pellentesque ornare, elit placerat porttitor sodales, lacus orci semper mauris, a accumsan ex ligula non augue.\r\n\r\n## Rozgrywka\r\n\r\nAenean et pellentesque ligula. Ut et turpis eget mi mollis viverra. Duis neque libero, posuere quis porttitor a, aliquam id metus. Fusce ut lorem ac risus vestibulum finibus. Suspendisse ullamcorper eros pretium nisi venenatis, eget rhoncus nisl convallis. Sed pellentesque nisl vitae nunc consectetur, eu congue enim dictum. Quisque pellentesque arcu nunc, ut commodo dolor scelerisque id. Nam pellentesque in nisi nec ornare. Integer vulputate, nibh sit amet sollicitudin vehicula, leo eros consectetur urna, id sodales turpis felis sit amet turpis. Curabitur id quam molestie, tincidunt dui at, faucibus orci. Nullam lectus mauris, sagittis eget tristique ac, placerat a augue. Sed vel ornare mauris.\r\n\r\nVivamus malesuada, tellus eu placerat aliquam, tellus purus gravida nibh, vel ornare magna eros at ipsum. Morbi pulvinar, augue vel sodales tincidunt, massa lectus tincidunt ipsum, at egestas lorem nunc eget leo. Morbi pretium nisi eget enim fermentum efficitur. Vestibulum id hendrerit quam, egestas vulputate ipsum. Nulla vitae dictum nunc, quis finibus elit. Curabitur pretium sapien non magna porta, et rhoncus purus tincidunt. Mauris auctor ligula et sodales dapibus. Duis interdum lectus vulputate orci eleifend, nec vehicula odio vehicula. Morbi feugiat eros nec congue efficitur. Praesent viverra feugiat augue, id vulputate massa interdum ut. Cras et tempus dolor. Pellentesque elementum molestie iaculis. Pellentesque at velit vehicula, sodales augue nec, auctor sapien.\r\n\r\n![troll](https://allegro.stati.pl/AllegroIMG/PRODUCENCI/Steam/Brothers_A_Tale_of_%20Two_Sons/Brothers_A_Tale_of_-Two_Sons_Spotkanie_z_olbrzymem.jpg)\r\n\r\nQuisque congue erat vel ligula volutpat, eget placerat sem sollicitudin. Morbi fringilla, sem nec iaculis faucibus, lacus turpis pellentesque lacus, id suscipit nulla odio nec arcu. Vestibulum tortor risus, lacinia vel luctus laoreet, aliquam in elit. Sed id porttitor ligula. Nulla finibus metus ante, sit amet scelerisque tortor laoreet nec. Sed porttitor lacus ac massa porta, eget malesuada metus facilisis. Integer vestibulum tempus venenatis. Donec porttitor venenatis nisi ac volutpat.\r\n\r\n![zagadki](https://play-lh.googleusercontent.com/xUUI9vGlTteRzJjXMcDO3nx8wSGX3djBrO-XyhWsF7UWuhbHH8fCqRdHc-MmwkZiuSQ=w412-h220-rw)\r\n\r\nMauris quam quam, eleifend a nibh at, porttitor interdum justo. Duis nec est quam. Nullam egestas lacus sed condimentum euismod. Vestibulum ante ipsum primis in faucibus orci luctus et ultrices posuere cubilia curae; Vestibulum non bibendum nulla. Sed ac diam sagittis, luctus quam dictum, pellentesque nibh. Vivamus sodales semper eros vitae consectetur. Duis urna nisl, gravida vel gravida sed, ultrices vel tellus. Vivamus mattis ultricies lacus at consequat. Donec iaculis, purus eu gravida euismod, ex sem tincidunt odio, et elementum tortor ipsum a ligula. Vivamus dui nisl, auctor sed tellus et, feugiat lobortis purus. Phasellus non lacus convallis, faucibus libero vel, malesuada ante. Morbi facilisis lectus vitae felis cursus, in sollicitudin sem consequat. Morbi mauris velit, convallis et vehicula sit amet, tincidunt id velit. Aenean orci tortor, scelerisque cursus metus ut, ultricies maximus tellus.\r\n\r\nCurabitur ultricies nec orci a maximus. Vestibulum ante ipsum primis in faucibus orci luctus et ultrices posuere cubilia curae; Cras at fermentum purus, eget aliquet ex. Quisque pretium, nisi in egestas ornare, ante risus ultricies metus, nec semper sem ipsum nec tortor. Nam scelerisque ex in urna egestas feugiat. Vestibulum efficitur sagittis porttitor. Nam leo sapien, porta vitae volutpat nec, molestie vitae sapien. Ut blandit leo pretium erat interdum varius. Phasellus eget elementum nunc. Quisque laoreet lacus ut nisl dictum, vitae mattis quam volutpat. Mauris ultricies magna non fermentum dapibus.\r\n\r\nProin commodo urna ac feugiat ornare. Integer sagittis non lacus ac aliquet. Mauris felis nibh, malesuada nec turpis et, fringilla scelerisque felis. Ut sollicitudin pulvinar dolor et dapibus. Maecenas lorem felis, mattis ac euismod non, dapibus ut urna. Pellentesque sit amet eleifend mauris. Curabitur dolor nulla, ultrices eu efficitur ac, euismod sed nulla. Cras at massa mauris. Mauris eget accumsan quam, sed sagittis est. Sed tellus tellus, interdum sed pulvinar ac, placerat vitae erat. Sed nec dolor turpis. Quisque cursus commodo interdum. Cras dapibus malesuada libero eu molestie.', '2021-12-16 10:12:25', '2021-12-16 10:12:25', 13, 'brothers.jpg', NULL),
(48, 23, 'Heros 3 - klasyka gatunku', 'Lorem ipsum dolor sit amet, consectetur adipiscing elit. Ut quis ullamcorper sapien. Morbi suscipit ultricies risus. Curabitur aliquam rutrum tellus et convallis. Suspendisse augue dui, vestibulum id odio ac, tristique hendrerit metus. Sed ut dui id ipsum sodales iaculis. Duis a massa dapibus, rhoncus neque auctor, posuere sapien. Maecenas in vehicula velit.\r\n\r\nMauris vel molestie lectus, vitae rhoncus est. Duis eget lectus et mauris placerat pharetra. Nam tempus eget diam in cursus. Vestibulum porttitor ipsum metus. Quisque cursus congue luctus. Nunc vel nisl vitae nibh maximus consequat sit amet quis nisl. Sed aliquam viverra sapien mattis viverra. In porttitor, augue non posuere malesuada, magna quam condimentum dui, vel aliquet nunc mi ac lacus. Nullam luctus tellus ut lorem blandit mollis quis sit amet mauris. Quisque eu mattis nisi. Quisque quis arcu tortor. Phasellus cursus pellentesque orci non semper. Orci varius natoque penatibus et magnis dis parturient montes, nascetur ridiculus mus. Aenean in aliquam ante. Duis rutrum erat eget leo semper aliquet. Donec sapien massa, facilisis laoreet ante nec, dictum suscipit velit.\r\n\r\n\r\n## Mechanika\r\nSuspendisse eu metus bibendum, sodales urna tincidunt, iaculis erat. Pellentesque scelerisque mollis sem, quis efficitur tortor vestibulum sit amet. In rhoncus est vel quam faucibus, quis sodales ex convallis. Maecenas vel ipsum consequat, accumsan arcu et, vehicula dolor. Duis placerat enim nec dui sagittis, a mattis orci euismod. Pellentesque blandit eu dolor sed imperdiet. Donec gravida bibendum arcu, quis volutpat sem fermentum sit amet. Nunc at felis sodales, tincidunt eros vel, tristique leo.\r\n\r\nPhasellus ut efficitur risus, quis pellentesque arcu. Integer imperdiet tellus velit, vel blandit neque maximus at. Maecenas ullamcorper ligula urna, ut vehicula turpis pulvinar mollis. Vestibulum vestibulum odio leo, eget volutpat dui maximus mattis. Fusce dapibus sed lorem sed luctus. Suspendisse gravida convallis malesuada. In quis pharetra arcu, ut venenatis massa. Pellentesque ornare, elit placerat porttitor sodales, lacus orci semper mauris, a accumsan ex ligula non augue.\r\n\r\n![h2](https://images.gog-statics.com/e35a766b0e30811936e12a3439e72d66b6cf8b558c34c561b212f6f59ffa23a1_product_card_v2_mobile_slider_639.jpg)\r\n\r\nAenean et pellentesque ligula. Ut et turpis eget mi mollis viverra. Duis neque libero, posuere quis porttitor a, aliquam id metus. Fusce ut lorem ac risus vestibulum finibus. Suspendisse ullamcorper eros pretium nisi venenatis, eget rhoncus nisl convallis. Sed pellentesque nisl vitae nunc consectetur, eu congue enim dictum. Quisque pellentesque arcu nunc, ut commodo dolor scelerisque id. Nam pellentesque in nisi nec ornare. Integer vulputate, nibh sit amet sollicitudin vehicula, leo eros consectetur urna, id sodales turpis felis sit amet turpis. Curabitur id quam molestie, tincidunt dui at, faucibus orci. Nullam lectus mauris, sagittis eget tristique ac, placerat a augue. Sed vel ornare mauris.\r\n\r\nVivamus malesuada, tellus eu placerat aliquam, tellus purus gravida nibh, vel ornare magna eros at ipsum. Morbi pulvinar, augue vel sodales tincidunt, massa lectus tincidunt ipsum, at egestas lorem nunc eget leo. Morbi pretium nisi eget enim fermentum efficitur. Vestibulum id hendrerit quam, egestas vulputate ipsum. Nulla vitae dictum nunc, quis finibus elit. Curabitur pretium sapien non magna porta, et rhoncus purus tincidunt. Mauris auctor ligula et sodales dapibus. Duis interdum lectus vulputate orci eleifend, nec vehicula odio vehicula. Morbi feugiat eros nec congue efficitur. Praesent viverra feugiat augue, id vulputate massa interdum ut. Cras et tempus dolor. Pellentesque elementum molestie iaculis. Pellentesque at velit vehicula, sodales augue nec, auctor sapien.\r\n\r\n## Nostalgia\r\nQuisque congue erat vel ligula volutpat, eget placerat sem sollicitudin. Morbi fringilla, sem nec iaculis faucibus, lacus turpis pellentesque lacus, id suscipit nulla odio nec arcu. Vestibulum tortor risus, lacinia vel luctus laoreet, aliquam in elit. Sed id porttitor ligula. Nulla finibus metus ante, sit amet scelerisque tortor laoreet nec. Sed porttitor lacus ac massa porta, eget malesuada metus facilisis. Integer vestibulum tempus venenatis. Donec porttitor venenatis nisi ac volutpat.\r\n\r\nMauris quam quam, eleifend a nibh at, porttitor interdum justo. Duis nec est quam. Nullam egestas lacus sed condimentum euismod. Vestibulum ante ipsum primis in faucibus orci luctus et ultrices posuere cubilia curae; Vestibulum non bibendum nulla. Sed ac diam sagittis, luctus quam dictum, pellentesque nibh. Vivamus sodales semper eros vitae consectetur. Duis urna nisl, gravida vel gravida sed, ultrices vel tellus. Vivamus mattis ultricies lacus at consequat. Donec iaculis, purus eu gravida euismod, ex sem tincidunt odio, et elementum tortor ipsum a ligula. Vivamus dui nisl, auctor sed tellus et, feugiat lobortis purus. Phasellus non lacus convallis, faucibus libero vel, malesuada ante. Morbi facilisis lectus vitae felis cursus, in sollicitudin sem consequat. Morbi mauris velit, convallis et vehicula sit amet, tincidunt id velit. Aenean orci tortor, scelerisque cursus metus ut, ultricies maximus tellus.\r\n\r\n### wspomnienia\r\nCurabitur ultricies nec orci a maximus. Vestibulum ante ipsum primis in faucibus orci luctus et ultrices posuere cubilia curae; Cras at fermentum purus, eget aliquet ex. Quisque pretium, nisi in egestas ornare, ante risus ultricies metus, nec semper sem ipsum nec tortor. Nam scelerisque ex in urna egestas feugiat. Vestibulum efficitur sagittis porttitor. Nam leo sapien, porta vitae volutpat nec, molestie vitae sapien. Ut blandit leo pretium erat interdum varius. Phasellus eget elementum nunc. Quisque laoreet lacus ut nisl dictum, vitae mattis quam volutpat. Mauris ultricies magna non fermentum dapibus.\r\n\r\nProin commodo urna ac feugiat ornare. Integer sagittis non lacus ac aliquet. Mauris felis nibh, malesuada nec turpis et, fringilla scelerisque felis. Ut sollicitudin pulvinar dolor et dapibus. Maecenas lorem felis, mattis ac euismod non, dapibus ut urna. Pellentesque sit amet eleifend mauris. Curabitur dolor nulla, ultrices eu efficitur ac, euismod sed nulla. Cras at massa mauris. Mauris eget accumsan quam, sed sagittis est. Sed tellus tellus, interdum sed pulvinar ac, placerat vitae erat. Sed nec dolor turpis. Quisque cursus commodo interdum. Cras dapibus malesuada libero eu molestie.', '2021-12-16 10:12:49', '2021-12-16 10:12:49', 5, 'h3.jpg', NULL);
INSERT INTO `articles` (`id_article`, `author`, `title`, `content`, `date_added`, `date_modified`, `id_category`, `image`, `recommended`) VALUES
(49, 23, 'CS: GO', 'Lorem ipsum dolor sit amet, consectetur adipiscing elit. Ut quis ullamcorper sapien. Morbi suscipit ultricies risus. Curabitur aliquam rutrum tellus et convallis. Suspendisse augue dui, vestibulum id odio ac, tristique hendrerit metus. Sed ut dui id ipsum sodales iaculis. Duis a massa dapibus, rhoncus neque auctor, posuere sapien. Maecenas in vehicula velit.\r\n\r\nMauris vel molestie lectus, vitae rhoncus est. Duis eget lectus et mauris placerat pharetra. Nam tempus eget diam in cursus. Vestibulum porttitor ipsum metus. Quisque cursus congue luctus. Nunc vel nisl vitae nibh maximus consequat sit amet quis nisl. Sed aliquam viverra sapien mattis viverra. In porttitor, augue non posuere malesuada, magna quam condimentum dui, vel aliquet nunc mi ac lacus. Nullam luctus tellus ut lorem blandit mollis quis sit amet mauris. Quisque eu mattis nisi. Quisque quis arcu tortor. Phasellus cursus pellentesque orci non semper. Orci varius natoque penatibus et magnis dis parturient montes, nascetur ridiculus mus. Aenean in aliquam ante. Duis rutrum erat eget leo semper aliquet. Donec sapien massa, facilisis laoreet ante nec, dictum suscipit velit.\r\n\r\nSuspendisse eu metus bibendum, sodales urna tincidunt, iaculis erat. Pellentesque scelerisque mollis sem, quis efficitur tortor vestibulum sit amet. In rhoncus est vel quam faucibus, quis sodales ex convallis. Maecenas vel ipsum consequat, accumsan arcu et, vehicula dolor. Duis placerat enim nec dui sagittis, a mattis orci euismod. Pellentesque blandit eu dolor sed imperdiet. Donec gravida bibendum arcu, quis volutpat sem fermentum sit amet. Nunc at felis sodales, tincidunt eros vel, tristique leo.\r\n\r\nPhasellus ut efficitur risus, quis pellentesque arcu. Integer imperdiet tellus velit, vel blandit neque maximus at. Maecenas ullamcorper ligula urna, ut vehicula turpis pulvinar mollis. Vestibulum vestibulum odio leo, eget volutpat dui maximus mattis. Fusce dapibus sed lorem sed luctus. Suspendisse gravida convallis malesuada. In quis pharetra arcu, ut venenatis massa. Pellentesque ornare, elit placerat porttitor sodales, lacus orci semper mauris, a accumsan ex ligula non augue.\r\n\r\nAenean et pellentesque ligula. Ut et turpis eget mi mollis viverra. Duis neque libero, posuere quis porttitor a, aliquam id metus. Fusce ut lorem ac risus vestibulum finibus. Suspendisse ullamcorper eros pretium nisi venenatis, eget rhoncus nisl convallis. Sed pellentesque nisl vitae nunc consectetur, eu congue enim dictum. Quisque pellentesque arcu nunc, ut commodo dolor scelerisque id. Nam pellentesque in nisi nec ornare. Integer vulputate, nibh sit amet sollicitudin vehicula, leo eros consectetur urna, id sodales turpis felis sit amet turpis. Curabitur id quam molestie, tincidunt dui at, faucibus orci. Nullam lectus mauris, sagittis eget tristique ac, placerat a augue. Sed vel ornare mauris.\r\n\r\nVivamus malesuada, tellus eu placerat aliquam, tellus purus gravida nibh, vel ornare magna eros at ipsum. Morbi pulvinar, augue vel sodales tincidunt, massa lectus tincidunt ipsum, at egestas lorem nunc eget leo. Morbi pretium nisi eget enim fermentum efficitur. Vestibulum id hendrerit quam, egestas vulputate ipsum. Nulla vitae dictum nunc, quis finibus elit. Curabitur pretium sapien non magna porta, et rhoncus purus tincidunt. Mauris auctor ligula et sodales dapibus. Duis interdum lectus vulputate orci eleifend, nec vehicula odio vehicula. Morbi feugiat eros nec congue efficitur. Praesent viverra feugiat augue, id vulputate massa interdum ut. Cras et tempus dolor. Pellentesque elementum molestie iaculis. Pellentesque at velit vehicula, sodales augue nec, auctor sapien.', '2021-12-16 10:12:40', '2021-12-16 10:12:40', 9, 'placeholder.png', NULL),
(50, 23, 'Portal 2', 'Lorem ipsum dolor sit amet, consectetur adipiscing elit. Ut quis ullamcorper sapien. Morbi suscipit ultricies risus. Curabitur aliquam rutrum tellus et convallis. Suspendisse augue dui, vestibulum id odio ac, tristique hendrerit metus. Sed ut dui id ipsum sodales iaculis. Duis a massa dapibus, rhoncus neque auctor, posuere sapien. Maecenas in vehicula velit.\r\n\r\nMauris vel molestie lectus, vitae rhoncus est. Duis eget lectus et mauris placerat pharetra. Nam tempus eget diam in cursus. Vestibulum porttitor ipsum metus. Quisque cursus congue luctus. Nunc vel nisl vitae nibh maximus consequat sit amet quis nisl. Sed aliquam viverra sapien mattis viverra. In porttitor, augue non posuere malesuada, magna quam condimentum dui, vel aliquet nunc mi ac lacus. Nullam luctus tellus ut lorem blandit mollis quis sit amet mauris. Quisque eu mattis nisi. Quisque quis arcu tortor. Phasellus cursus pellentesque orci non semper. Orci varius natoque penatibus et magnis dis parturient montes, nascetur ridiculus mus. Aenean in aliquam ante. Duis rutrum erat eget leo semper aliquet. Donec sapien massa, facilisis laoreet ante nec, dictum suscipit velit.\r\n\r\n![](https://d2skuhm0vrry40.cloudfront.net/2013/articles/1/7/1/1/1/6/0/141220611799.jpg/EG11/resize/480x-1/quality/75/format/jpg)\r\n\r\nSuspendisse eu metus bibendum, sodales urna tincidunt, iaculis erat. Pellentesque scelerisque mollis sem, quis efficitur tortor vestibulum sit amet. In rhoncus est vel quam faucibus, quis sodales ex convallis. Maecenas vel ipsum consequat, accumsan arcu et, vehicula dolor. Duis placerat enim nec dui sagittis, a mattis orci euismod. Pellentesque blandit eu dolor sed imperdiet. Donec gravida bibendum arcu, quis volutpat sem fermentum sit amet. Nunc at felis sodales, tincidunt eros vel, tristique leo.\r\n\r\nPhasellus ut efficitur risus, quis pellentesque arcu. Integer imperdiet tellus velit, vel blandit neque maximus at. Maecenas ullamcorper ligula urna, ut vehicula turpis pulvinar mollis. Vestibulum vestibulum odio leo, eget volutpat dui maximus mattis. Fusce dapibus sed lorem sed luctus. Suspendisse gravida convallis malesuada. In quis pharetra arcu, ut venenatis massa. Pellentesque ornare, elit placerat porttitor sodales, lacus orci semper mauris, a accumsan ex ligula non augue.\r\n\r\nAenean et pellentesque ligula. Ut et turpis eget mi mollis viverra. Duis neque libero, posuere quis porttitor a, aliquam id metus. Fusce ut lorem ac risus vestibulum finibus. Suspendisse ullamcorper eros pretium nisi venenatis, eget rhoncus nisl convallis. Sed pellentesque nisl vitae nunc consectetur, eu congue enim dictum. Quisque pellentesque arcu nunc, ut commodo dolor scelerisque id. Nam pellentesque in nisi nec ornare. Integer vulputate, nibh sit amet sollicitudin vehicula, leo eros consectetur urna, id sodales turpis felis sit amet turpis. Curabitur id quam molestie, tincidunt dui at, faucibus orci. Nullam lectus mauris, sagittis eget tristique ac, placerat a augue. Sed vel ornare mauris.\r\n\r\nVivamus malesuada, tellus eu placerat aliquam, tellus purus gravida nibh, vel ornare magna eros at ipsum. Morbi pulvinar, augue vel sodales tincidunt, massa lectus tincidunt ipsum, at egestas lorem nunc eget leo. Morbi pretium nisi eget enim fermentum efficitur. Vestibulum id hendrerit quam, egestas vulputate ipsum. Nulla vitae dictum nunc, quis finibus elit. Curabitur pretium sapien non magna porta, et rhoncus purus tincidunt. Mauris auctor ligula et sodales dapibus. Duis interdum lectus vulputate orci eleifend, nec vehicula odio vehicula. Morbi feugiat eros nec congue efficitur. Praesent viverra feugiat augue, id vulputate massa interdum ut. Cras et tempus dolor. Pellentesque elementum molestie iaculis. Pellentesque at velit vehicula, sodales augue nec, auctor sapien.\r\n\r\nQuisque congue erat vel ligula volutpat, eget placerat sem sollicitudin. Morbi fringilla, sem nec iaculis faucibus, lacus turpis pellentesque lacus, id suscipit nulla odio nec arcu. Vestibulum tortor risus, lacinia vel luctus laoreet, aliquam in elit. Sed id porttitor ligula. Nulla finibus metus ante, sit amet scelerisque tortor laoreet nec. Sed porttitor lacus ac massa porta, eget malesuada metus facilisis. Integer vestibulum tempus venenatis. Donec porttitor venenatis nisi ac volutpat.\r\n\r\nMauris quam quam, eleifend a nibh at, porttitor interdum justo. Duis nec est quam. Nullam egestas lacus sed condimentum euismod. Vestibulum ante ipsum primis in faucibus orci luctus et ultrices posuere cubilia curae; Vestibulum non bibendum nulla. Sed ac diam sagittis, luctus quam dictum, pellentesque nibh. Vivamus sodales semper eros vitae consectetur. Duis urna nisl, gravida vel gravida sed, ultrices vel tellus. Vivamus mattis ultricies lacus at consequat. Donec iaculis, purus eu gravida euismod, ex sem tincidunt odio, et elementum tortor ipsum a ligula. Vivamus dui nisl, auctor sed tellus et, feugiat lobortis purus. Phasellus non lacus convallis, faucibus libero vel, malesuada ante. Morbi facilisis lectus vitae felis cursus, in sollicitudin sem consequat. Morbi mauris velit, convallis et vehicula sit amet, tincidunt id velit. Aenean orci tortor, scelerisque cursus metus ut, ultricies maximus tellus.\r\n\r\nCurabitur ultricies nec orci a maximus. Vestibulum ante ipsum primis in faucibus orci luctus et ultrices posuere cubilia curae; Cras at fermentum purus, eget aliquet ex. Quisque pretium, nisi in egestas ornare, ante risus ultricies metus, nec semper sem ipsum nec tortor. Nam scelerisque ex in urna egestas feugiat. Vestibulum efficitur sagittis porttitor. Nam leo sapien, porta vitae volutpat nec, molestie vitae sapien. Ut blandit leo pretium erat interdum varius. Phasellus eget elementum nunc. Quisque laoreet lacus ut nisl dictum, vitae mattis quam volutpat. Mauris ultricies magna non fermentum dapibus.\r\n\r\nProin commodo urna ac feugiat ornare. Integer sagittis non lacus ac aliquet. Mauris felis nibh, malesuada nec turpis et, fringilla scelerisque felis. Ut sollicitudin pulvinar dolor et dapibus. Maecenas lorem felis, mattis ac euismod non, dapibus ut urna. Pellentesque sit amet eleifend mauris. Curabitur dolor nulla, ultrices eu efficitur ac, euismod sed nulla. Cras at massa mauris. Mauris eget accumsan quam, sed sagittis est. Sed tellus tellus, interdum sed pulvinar ac, placerat vitae erat. Sed nec dolor turpis. Quisque cursus commodo interdum. Cras dapibus malesuada libero eu molestie.', '2021-12-16 10:12:22', '2021-12-16 10:12:22', 13, 'p2.jpeg', NULL),
(51, 23, 'The elder scrolls V: Skyrim - 10 lat od premiery', 'Lorem ipsum dolor sit amet, consectetur adipiscing elit. Ut quis ullamcorper sapien. Morbi suscipit ultricies risus. Curabitur aliquam rutrum tellus et convallis. Suspendisse augue dui, vestibulum id odio ac, tristique hendrerit metus. Sed ut dui id ipsum sodales iaculis. Duis a massa dapibus, rhoncus neque auctor, posuere sapien. Maecenas in vehicula velit.\r\n\r\n## Czy nadal grywalne\r\nMauris vel molestie lectus, vitae rhoncus est. Duis eget lectus et mauris placerat pharetra. Nam tempus eget diam in cursus. Vestibulum porttitor ipsum metus. Quisque cursus congue luctus. Nunc vel nisl vitae nibh maximus consequat sit amet quis nisl. Sed aliquam viverra sapien mattis viverra. In porttitor, augue non posuere malesuada, magna quam condimentum dui, vel aliquet nunc mi ac lacus. Nullam luctus tellus ut lorem blandit mollis quis sit amet mauris. Quisque eu mattis nisi. Quisque quis arcu tortor. Phasellus cursus pellentesque orci non semper. Orci varius natoque penatibus et magnis dis parturient montes, nascetur ridiculus mus. Aenean in aliquam ante. Duis rutrum erat eget leo semper aliquet. Donec sapien massa, facilisis laoreet ante nec, dictum suscipit velit.\r\n\r\n![](https://a.allegroimg.com/s512/1114a6/454dc4c34918b27d360bec6dc5d2/The-Elder-Scrolls-V-Skyrim-Special-Edition-NOWA-Wersja-gry-pudelkowa)\r\n\r\n![](https://image.ceneostatic.pl/data/article_picture/c5/bb/608b-e489-415f-841d-a861d4f6d5ef_large.jpg)\r\n\r\nSuspendisse eu metus bibendum, sodales urna tincidunt, iaculis erat. Pellentesque scelerisque mollis sem, quis efficitur tortor vestibulum sit amet. In rhoncus est vel quam faucibus, quis sodales ex convallis. Maecenas vel ipsum consequat, accumsan arcu et, vehicula dolor. Duis placerat enim nec dui sagittis, a mattis orci euismod. Pellentesque blandit eu dolor sed imperdiet. Donec gravida bibendum arcu, quis volutpat sem fermentum sit amet. Nunc at felis sodales, tincidunt eros vel, tristique leo.\r\n\r\nPhasellus ut efficitur risus, quis pellentesque arcu. Integer imperdiet tellus velit, vel blandit neque maximus at. Maecenas ullamcorper ligula urna, ut vehicula turpis pulvinar mollis. Vestibulum vestibulum odio leo, eget volutpat dui maximus mattis. Fusce dapibus sed lorem sed luctus. Suspendisse gravida convallis malesuada. In quis pharetra arcu, ut venenatis massa. Pellentesque ornare, elit placerat porttitor sodales, lacus orci semper mauris, a accumsan ex ligula non augue.\r\n\r\nAenean et pellentesque ligula. Ut et turpis eget mi mollis viverra. Duis neque libero, posuere quis porttitor a, aliquam id metus. Fusce ut lorem ac risus vestibulum finibus. Suspendisse ullamcorper eros pretium nisi venenatis, eget rhoncus nisl convallis. Sed pellentesque nisl vitae nunc consectetur, eu congue enim dictum. Quisque pellentesque arcu nunc, ut commodo dolor scelerisque id. Nam pellentesque in nisi nec ornare. Integer vulputate, nibh sit amet sollicitudin vehicula, leo eros consectetur urna, id sodales turpis felis sit amet turpis. Curabitur id quam molestie, tincidunt dui at, faucibus orci. Nullam lectus mauris, sagittis eget tristique ac, placerat a augue. Sed vel ornare mauris.\r\n\r\n## Mechanika\r\nVivamus malesuada, tellus eu placerat aliquam, tellus purus gravida nibh, vel ornare magna eros at ipsum. Morbi pulvinar, augue vel sodales tincidunt, massa lectus tincidunt ipsum, at egestas lorem nunc eget leo. Morbi pretium nisi eget enim fermentum efficitur. Vestibulum id hendrerit quam, egestas vulputate ipsum. Nulla vitae dictum nunc, quis finibus elit. Curabitur pretium sapien non magna porta, et rhoncus purus tincidunt. Mauris auctor ligula et sodales dapibus. Duis interdum lectus vulputate orci eleifend, nec vehicula odio vehicula. Morbi feugiat eros nec congue efficitur. Praesent viverra feugiat augue, id vulputate massa interdum ut. Cras et tempus dolor. Pellentesque elementum molestie iaculis. Pellentesque at velit vehicula, sodales augue nec, auctor sapien.\r\n\r\nQuisque congue erat vel ligula volutpat, eget placerat sem sollicitudin. Morbi fringilla, sem nec iaculis faucibus, lacus turpis pellentesque lacus, id suscipit nulla odio nec arcu. Vestibulum tortor risus, lacinia vel luctus laoreet, aliquam in elit. Sed id porttitor ligula. Nulla finibus metus ante, sit amet scelerisque tortor laoreet nec. Sed porttitor lacus ac massa porta, eget malesuada metus facilisis. Integer vestibulum tempus venenatis. Donec porttitor venenatis nisi ac volutpat.\r\n\r\n![](https://i.ytimg.com/vi/hHneiEZkeRQ/maxresdefault.jpg)\r\n\r\nMauris quam quam, eleifend a nibh at, porttitor interdum justo. Duis nec est quam. Nullam egestas lacus sed condimentum euismod. Vestibulum ante ipsum primis in faucibus orci luctus et ultrices posuere cubilia curae; Vestibulum non bibendum nulla. Sed ac diam sagittis, luctus quam dictum, pellentesque nibh. Vivamus sodales semper eros vitae consectetur. Duis urna nisl, gravida vel gravida sed, ultrices vel tellus. Vivamus mattis ultricies lacus at consequat. Donec iaculis, purus eu gravida euismod, ex sem tincidunt odio, et elementum tortor ipsum a ligula. Vivamus dui nisl, auctor sed tellus et, feugiat lobortis purus. Phasellus non lacus convallis, faucibus libero vel, malesuada ante. Morbi facilisis lectus vitae felis cursus, in sollicitudin sem consequat. Morbi mauris velit, convallis et vehicula sit amet, tincidunt id velit. Aenean orci tortor, scelerisque cursus metus ut, ultricies maximus tellus.\r\n\r\nCurabitur ultricies nec orci a maximus. Vestibulum ante ipsum primis in faucibus orci luctus et ultrices posuere cubilia curae; Cras at fermentum purus, eget aliquet ex. Quisque pretium, nisi in egestas ornare, ante risus ultricies metus, nec semper sem ipsum nec tortor. Nam scelerisque ex in urna egestas feugiat. Vestibulum efficitur sagittis porttitor. Nam leo sapien, porta vitae volutpat nec, molestie vitae sapien. Ut blandit leo pretium erat interdum varius. Phasellus eget elementum nunc. Quisque laoreet lacus ut nisl dictum, vitae mattis quam volutpat. Mauris ultricies magna non fermentum dapibus.\r\n\r\nProin commodo urna ac feugiat ornare. Integer sagittis non lacus ac aliquet. Mauris felis nibh, malesuada nec turpis et, fringilla scelerisque felis. Ut sollicitudin pulvinar dolor et dapibus. Maecenas lorem felis, mattis ac euismod non, dapibus ut urna. Pellentesque sit amet eleifend mauris. Curabitur dolor nulla, ultrices eu efficitur ac, euismod sed nulla. Cras at massa mauris. Mauris eget accumsan quam, sed sagittis est. Sed tellus tellus, interdum sed pulvinar ac, placerat vitae erat. Sed nec dolor turpis. Quisque cursus commodo interdum. Cras dapibus malesuada libero eu molestie.', '2021-12-16 11:12:06', '2021-12-16 11:12:06', 1, 'skyrim.jpg', NULL),
(52, 19, 'The last of us', 'Lorem ipsum dolor sit amet, consectetur adipiscing elit. Ut quis ullamcorper sapien. Morbi suscipit ultricies risus. Curabitur aliquam rutrum tellus et convallis. Suspendisse augue dui, vestibulum id odio ac, tristique hendrerit metus. Sed ut dui id ipsum sodales iaculis. Duis a massa dapibus, rhoncus neque auctor, posuere sapien. Maecenas in vehicula velit.\r\n\r\nMauris vel molestie lectus, vitae rhoncus est. Duis eget lectus et mauris placerat pharetra. Nam tempus eget diam in cursus. Vestibulum porttitor ipsum metus. Quisque cursus congue luctus. Nunc vel nisl vitae nibh maximus consequat sit amet quis nisl. Sed aliquam viverra sapien mattis viverra. In porttitor, augue non posuere malesuada, magna quam condimentum dui, vel aliquet nunc mi ac lacus. Nullam luctus tellus ut lorem blandit mollis quis sit amet mauris. Quisque eu mattis nisi. Quisque quis arcu tortor. Phasellus cursus pellentesque orci non semper. Orci varius natoque penatibus et magnis dis parturient montes, nascetur ridiculus mus. Aenean in aliquam ante. Duis rutrum erat eget leo semper aliquet. Donec sapien massa, facilisis laoreet ante nec, dictum suscipit velit.\r\n\r\nSuspendisse eu metus bibendum, sodales urna tincidunt, iaculis erat. Pellentesque scelerisque mollis sem, quis efficitur tortor vestibulum sit amet. In rhoncus est vel quam faucibus, quis sodales ex convallis. Maecenas vel ipsum consequat, accumsan arcu et, vehicula dolor. Duis placerat enim nec dui sagittis, a mattis orci euismod. Pellentesque blandit eu dolor sed imperdiet. Donec gravida bibendum arcu, quis volutpat sem fermentum sit amet. Nunc at felis sodales, tincidunt eros vel, tristique leo.\r\n\r\nPhasellus ut efficitur risus, quis pellentesque arcu. Integer imperdiet tellus velit, vel blandit neque maximus at. Maecenas ullamcorper ligula urna, ut vehicula turpis pulvinar mollis. Vestibulum vestibulum odio leo, eget volutpat dui maximus mattis. Fusce dapibus sed lorem sed luctus. Suspendisse gravida convallis malesuada. In quis pharetra arcu, ut venenatis massa. Pellentesque ornare, elit placerat porttitor sodales, lacus orci semper mauris, a accumsan ex ligula non augue.\r\n\r\nAenean et pellentesque ligula. Ut et turpis eget mi mollis viverra. Duis neque libero, posuere quis porttitor a, aliquam id metus. Fusce ut lorem ac risus vestibulum finibus. Suspendisse ullamcorper eros pretium nisi venenatis, eget rhoncus nisl convallis. Sed pellentesque nisl vitae nunc consectetur, eu congue enim dictum. Quisque pellentesque arcu nunc, ut commodo dolor scelerisque id. Nam pellentesque in nisi nec ornare. Integer vulputate, nibh sit amet sollicitudin vehicula, leo eros consectetur urna, id sodales turpis felis sit amet turpis. Curabitur id quam molestie, tincidunt dui at, faucibus orci. Nullam lectus mauris, sagittis eget tristique ac, placerat a augue. Sed vel ornare mauris.\r\n\r\nVivamus malesuada, tellus eu placerat aliquam, tellus purus gravida nibh, vel ornare magna eros at ipsum. Morbi pulvinar, augue vel sodales tincidunt, massa lectus tincidunt ipsum, at egestas lorem nunc eget leo. Morbi pretium nisi eget enim fermentum efficitur. Vestibulum id hendrerit quam, egestas vulputate ipsum. Nulla vitae dictum nunc, quis finibus elit. Curabitur pretium sapien non magna porta, et rhoncus purus tincidunt. Mauris auctor ligula et sodales dapibus. Duis interdum lectus vulputate orci eleifend, nec vehicula odio vehicula. Morbi feugiat eros nec congue efficitur. Praesent viverra feugiat augue, id vulputate massa interdum ut. Cras et tempus dolor. Pellentesque elementum molestie iaculis. Pellentesque at velit vehicula, sodales augue nec, auctor sapien.\r\n\r\nQuisque congue erat vel ligula volutpat, eget placerat sem sollicitudin. Morbi fringilla, sem nec iaculis faucibus, lacus turpis pellentesque lacus, id suscipit nulla odio nec arcu. Vestibulum tortor risus, lacinia vel luctus laoreet, aliquam in elit. Sed id porttitor ligula. Nulla finibus metus ante, sit amet scelerisque tortor laoreet nec. Sed porttitor lacus ac massa porta, eget malesuada metus facilisis. Integer vestibulum tempus venenatis. Donec porttitor venenatis nisi ac volutpat.\r\n\r\nMauris quam quam, eleifend a nibh at, porttitor interdum justo. Duis nec est quam. Nullam egestas lacus sed condimentum euismod. Vestibulum ante ipsum primis in faucibus orci luctus et ultrices posuere cubilia curae; Vestibulum non bibendum nulla. Sed ac diam sagittis, luctus quam dictum, pellentesque nibh. Vivamus sodales semper eros vitae consectetur. Duis urna nisl, gravida vel gravida sed, ultrices vel tellus. Vivamus mattis ultricies lacus at consequat. Donec iaculis, purus eu gravida euismod, ex sem tincidunt odio, et elementum tortor ipsum a ligula. Vivamus dui nisl, auctor sed tellus et, feugiat lobortis purus. Phasellus non lacus convallis, faucibus libero vel, malesuada ante. Morbi facilisis lectus vitae felis cursus, in sollicitudin sem consequat. Morbi mauris velit, convallis et vehicula sit amet, tincidunt id velit. Aenean orci tortor, scelerisque cursus metus ut, ultricies maximus tellus.\r\n\r\nCurabitur ultricies nec orci a maximus. Vestibulum ante ipsum primis in faucibus orci luctus et ultrices posuere cubilia curae; Cras at fermentum purus, eget aliquet ex. Quisque pretium, nisi in egestas ornare, ante risus ultricies metus, nec semper sem ipsum nec tortor. Nam scelerisque ex in urna egestas feugiat. Vestibulum efficitur sagittis porttitor. Nam leo sapien, porta vitae volutpat nec, molestie vitae sapien. Ut blandit leo pretium erat interdum varius. Phasellus eget elementum nunc. Quisque laoreet lacus ut nisl dictum, vitae mattis quam volutpat. Mauris ultricies magna non fermentum dapibus.\r\n\r\nProin commodo urna ac feugiat ornare. Integer sagittis non lacus ac aliquet. Mauris felis nibh, malesuada nec turpis et, fringilla scelerisque felis. Ut sollicitudin pulvinar dolor et dapibus. Maecenas lorem felis, mattis ac euismod non, dapibus ut urna. Pellentesque sit amet eleifend mauris. Curabitur dolor nulla, ultrices eu efficitur ac, euismod sed nulla. Cras at massa mauris. Mauris eget accumsan quam, sed sagittis est. Sed tellus tellus, interdum sed pulvinar ac, placerat vitae erat. Sed nec dolor turpis. Quisque cursus commodo interdum. Cras dapibus malesuada libero eu molestie.', '2021-12-16 11:12:43', '2021-12-16 11:12:43', 13, 'tlou.jpg', 1),
(53, 19, 'Tetris - klasyka', 'Lorem ipsum dolor sit amet, consectetur adipiscing elit. Ut quis ullamcorper sapien. Morbi suscipit ultricies risus. Curabitur aliquam rutrum tellus et convallis. Suspendisse augue dui, vestibulum id odio ac, tristique hendrerit metus. Sed ut dui id ipsum sodales iaculis. Duis a massa dapibus, rhoncus neque auctor, posuere sapien. Maecenas in vehicula velit.\r\n\r\nMauris vel molestie lectus, vitae rhoncus est. Duis eget lectus et mauris placerat pharetra. Nam tempus eget diam in cursus. Vestibulum porttitor ipsum metus. Quisque cursus congue luctus. Nunc vel nisl vitae nibh maximus consequat sit amet quis nisl. Sed aliquam viverra sapien mattis viverra. In porttitor, augue non posuere malesuada, magna quam condimentum dui, vel aliquet nunc mi ac lacus. Nullam luctus tellus ut lorem blandit mollis quis sit amet mauris. Quisque eu mattis nisi. Quisque quis arcu tortor. Phasellus cursus pellentesque orci non semper. Orci varius natoque penatibus et magnis dis parturient montes, nascetur ridiculus mus. Aenean in aliquam ante. Duis rutrum erat eget leo semper aliquet. Donec sapien massa, facilisis laoreet ante nec, dictum suscipit velit.\r\n\r\nSuspendisse eu metus bibendum, sodales urna tincidunt, iaculis erat. Pellentesque scelerisque mollis sem, quis efficitur tortor vestibulum sit amet. In rhoncus est vel quam faucibus, quis sodales ex convallis. Maecenas vel ipsum consequat, accumsan arcu et, vehicula dolor. Duis placerat enim nec dui sagittis, a mattis orci euismod. Pellentesque blandit eu dolor sed imperdiet. Donec gravida bibendum arcu, quis volutpat sem fermentum sit amet. Nunc at felis sodales, tincidunt eros vel, tristique leo.\r\n\r\nPhasellus ut efficitur risus, quis pellentesque arcu. Integer imperdiet tellus velit, vel blandit neque maximus at. Maecenas ullamcorper ligula urna, ut vehicula turpis pulvinar mollis. Vestibulum vestibulum odio leo, eget volutpat dui maximus mattis. Fusce dapibus sed lorem sed luctus. Suspendisse gravida convallis malesuada. In quis pharetra arcu, ut venenatis massa. Pellentesque ornare, elit placerat porttitor sodales, lacus orci semper mauris, a accumsan ex ligula non augue.\r\n\r\nAenean et pellentesque ligula. Ut et turpis eget mi mollis viverra. Duis neque libero, posuere quis porttitor a, aliquam id metus. Fusce ut lorem ac risus vestibulum finibus. Suspendisse ullamcorper eros pretium nisi venenatis, eget rhoncus nisl convallis. Sed pellentesque nisl vitae nunc consectetur, eu congue enim dictum. Quisque pellentesque arcu nunc, ut commodo dolor scelerisque id. Nam pellentesque in nisi nec ornare. Integer vulputate, nibh sit amet sollicitudin vehicula, leo eros consectetur urna, id sodales turpis felis sit amet turpis. Curabitur id quam molestie, tincidunt dui at, faucibus orci. Nullam lectus mauris, sagittis eget tristique ac, placerat a augue. Sed vel ornare mauris.\r\n\r\nVivamus malesuada, tellus eu placerat aliquam, tellus purus gravida nibh, vel ornare magna eros at ipsum. Morbi pulvinar, augue vel sodales tincidunt, massa lectus tincidunt ipsum, at egestas lorem nunc eget leo. Morbi pretium nisi eget enim fermentum efficitur. Vestibulum id hendrerit quam, egestas vulputate ipsum. Nulla vitae dictum nunc, quis finibus elit. Curabitur pretium sapien non magna porta, et rhoncus purus tincidunt. Mauris auctor ligula et sodales dapibus. Duis interdum lectus vulputate orci eleifend, nec vehicula odio vehicula. Morbi feugiat eros nec congue efficitur. Praesent viverra feugiat augue, id vulputate massa interdum ut. Cras et tempus dolor. Pellentesque elementum molestie iaculis. Pellentesque at velit vehicula, sodales augue nec, auctor sapien.', '2021-12-16 11:12:37', '2021-12-16 11:12:37', 13, 'goodoldtetris.jpeg', NULL),
(54, 19, 'Elex - gra od twórców Gothica', 'Lorem ipsum dolor sit amet, consectetur adipiscing elit. Ut quis ullamcorper sapien. Morbi suscipit ultricies risus. Curabitur aliquam rutrum tellus et convallis. Suspendisse augue dui, vestibulum id odio ac, tristique hendrerit metus. Sed ut dui id ipsum sodales iaculis. Duis a massa dapibus, rhoncus neque auctor, posuere sapien. Maecenas in vehicula velit.\r\n\r\n\r\n## Uniwersum\r\nMauris vel molestie lectus, vitae rhoncus est. Duis eget lectus et mauris placerat pharetra. Nam tempus eget diam in cursus. Vestibulum porttitor ipsum metus. Quisque cursus congue luctus. Nunc vel nisl vitae nibh maximus consequat sit amet quis nisl. Sed aliquam viverra sapien mattis viverra. In porttitor, augue non posuere malesuada, magna quam condimentum dui, vel aliquet nunc mi ac lacus. Nullam luctus tellus ut lorem blandit mollis quis sit amet mauris. Quisque eu mattis nisi. Quisque quis arcu tortor. Phasellus cursus pellentesque orci non semper. Orci varius natoque penatibus et magnis dis parturient montes, nascetur ridiculus mus. Aenean in aliquam ante. Duis rutrum erat eget leo semper aliquet. Donec sapien massa, facilisis laoreet ante nec, dictum suscipit velit.\r\n\r\nSuspendisse eu metus bibendum, sodales urna tincidunt, iaculis erat. Pellentesque scelerisque mollis sem, quis efficitur tortor vestibulum sit amet. In rhoncus est vel quam faucibus, quis sodales ex convallis. Maecenas vel ipsum consequat, accumsan arcu et, vehicula dolor. Duis placerat enim nec dui sagittis, a mattis orci euismod. Pellentesque blandit eu dolor sed imperdiet. Donec gravida bibendum arcu, quis volutpat sem fermentum sit amet. Nunc at felis sodales, tincidunt eros vel, tristique leo.\r\n\r\n![](https://images.gog-statics.com/fb12c4ea74c40cb77d682004c0c5d1fcef6c833cd05a4619047a3ac2ed8e946f_product_card_v2_mobile_slider_639.jpg)\r\n\r\nPhasellus ut efficitur risus, quis pellentesque arcu. Integer imperdiet tellus velit, vel blandit neque maximus at. Maecenas ullamcorper ligula urna, ut vehicula turpis pulvinar mollis. Vestibulum vestibulum odio leo, eget volutpat dui maximus mattis. Fusce dapibus sed lorem sed luctus. Suspendisse gravida convallis malesuada. In quis pharetra arcu, ut venenatis massa. Pellentesque ornare, elit placerat porttitor sodales, lacus orci semper mauris, a accumsan ex ligula non augue.\r\n\r\nAenean et pellentesque ligula. Ut et turpis eget mi mollis viverra. Duis neque libero, posuere quis porttitor a, aliquam id metus. Fusce ut lorem ac risus vestibulum finibus. Suspendisse ullamcorper eros pretium nisi venenatis, eget rhoncus nisl convallis. Sed pellentesque nisl vitae nunc consectetur, eu congue enim dictum. Quisque pellentesque arcu nunc, ut commodo dolor scelerisque id. Nam pellentesque in nisi nec ornare. Integer vulputate, nibh sit amet sollicitudin vehicula, leo eros consectetur urna, id sodales turpis felis sit amet turpis. Curabitur id quam molestie, tincidunt dui at, faucibus orci. Nullam lectus mauris, sagittis eget tristique ac, placerat a augue. Sed vel ornare mauris.\r\n\r\n## Mechaniki\r\nVivamus malesuada, tellus eu placerat aliquam, tellus purus gravida nibh, vel ornare magna eros at ipsum. Morbi pulvinar, augue vel sodales tincidunt, massa lectus tincidunt ipsum, at egestas lorem nunc eget leo. Morbi pretium nisi eget enim fermentum efficitur. Vestibulum id hendrerit quam, egestas vulputate ipsum. Nulla vitae dictum nunc, quis finibus elit. Curabitur pretium sapien non magna porta, et rhoncus purus tincidunt. Mauris auctor ligula et sodales dapibus. Duis interdum lectus vulputate orci eleifend, nec vehicula odio vehicula. Morbi feugiat eros nec congue efficitur. Praesent viverra feugiat augue, id vulputate massa interdum ut. Cras et tempus dolor. Pellentesque elementum molestie iaculis. Pellentesque at velit vehicula, sodales augue nec, auctor sapien.\r\n\r\nQuisque congue erat vel ligula volutpat, eget placerat sem sollicitudin. Morbi fringilla, sem nec iaculis faucibus, lacus turpis pellentesque lacus, id suscipit nulla odio nec arcu. Vestibulum tortor risus, lacinia vel luctus laoreet, aliquam in elit. Sed id porttitor ligula. Nulla finibus metus ante, sit amet scelerisque tortor laoreet nec. Sed porttitor lacus ac massa porta, eget malesuada metus facilisis. Integer vestibulum tempus venenatis. Donec porttitor venenatis nisi ac volutpat.\r\n\r\n![](https://www.gry-online.pl/Galeria/Html/Poradniki/1840/428162387.jpg)\r\n\r\nMauris quam quam, eleifend a nibh at, porttitor interdum justo. Duis nec est quam. Nullam egestas lacus sed condimentum euismod. Vestibulum ante ipsum primis in faucibus orci luctus et ultrices posuere cubilia curae; Vestibulum non bibendum nulla. Sed ac diam sagittis, luctus quam dictum, pellentesque nibh. Vivamus sodales semper eros vitae consectetur. Duis urna nisl, gravida vel gravida sed, ultrices vel tellus. Vivamus mattis ultricies lacus at consequat. Donec iaculis, purus eu gravida euismod, ex sem tincidunt odio, et elementum tortor ipsum a ligula. Vivamus dui nisl, auctor sed tellus et, feugiat lobortis purus. Phasellus non lacus convallis, faucibus libero vel, malesuada ante. Morbi facilisis lectus vitae felis cursus, in sollicitudin sem consequat. Morbi mauris velit, convallis et vehicula sit amet, tincidunt id velit. Aenean orci tortor, scelerisque cursus metus ut, ultricies maximus tellus.\r\n\r\n## Opinia\r\n\r\nCurabitur ultricies nec orci a maximus. Vestibulum ante ipsum primis in faucibus orci luctus et ultrices posuere cubilia curae; Cras at fermentum purus, eget aliquet ex. Quisque pretium, nisi in egestas ornare, ante risus ultricies metus, nec semper sem ipsum nec tortor. Nam scelerisque ex in urna egestas feugiat. Vestibulum efficitur sagittis porttitor. Nam leo sapien, porta vitae volutpat nec, molestie vitae sapien. Ut blandit leo pretium erat interdum varius. Phasellus eget elementum nunc. Quisque laoreet lacus ut nisl dictum, vitae mattis quam volutpat. Mauris ultricies magna non fermentum dapibus.\r\n\r\nProin commodo urna ac feugiat ornare. Integer sagittis non lacus ac aliquet. Mauris felis nibh, malesuada nec turpis et, fringilla scelerisque felis. Ut sollicitudin pulvinar dolor et dapibus. Maecenas lorem felis, mattis ac euismod non, dapibus ut urna. Pellentesque sit amet eleifend mauris. Curabitur dolor nulla, ultrices eu efficitur ac, euismod sed nulla. Cras at massa mauris. Mauris eget accumsan quam, sed sagittis est. Sed tellus tellus, interdum sed pulvinar ac, placerat vitae erat. Sed nec dolor turpis. Quisque cursus commodo interdum. Cras dapibus malesuada libero eu molestie.', '2021-12-16 11:12:23', '2021-12-16 11:12:23', 1, 'elex.jpg', NULL);

-- --------------------------------------------------------

--
-- Struktura tabeli dla tabeli `bans`
--

CREATE TABLE `bans` (
  `id_ban` int(11) NOT NULL,
  `id_moderator` int(11) NOT NULL,
  `id_user` int(11) NOT NULL,
  `expires` datetime NOT NULL,
  `comment` varchar(500) CHARACTER SET utf8mb4 COLLATE utf8mb4_polish_ci NOT NULL
) ENGINE=InnoDB DEFAULT CHARSET=utf8mb4 COLLATE=utf8mb4_unicode_ci;

-- --------------------------------------------------------

--
-- Struktura tabeli dla tabeli `categories`
--

CREATE TABLE `categories` (
  `id_category` int(11) NOT NULL,
  `name` varchar(50) NOT NULL
) ENGINE=InnoDB DEFAULT CHARSET=utf8mb4;

--
-- Zrzut danych tabeli `categories`
--

INSERT INTO `categories` (`id_category`, `name`) VALUES
(9, 'FPS'),
(13, 'Inne'),
(1, 'RPG'),
(5, 'Strategiczne');

-- --------------------------------------------------------

--
-- Struktura tabeli dla tabeli `comments`
--

CREATE TABLE `comments` (
  `id_comment` int(11) NOT NULL,
  `id_user` int(11) NOT NULL,
  `id_article` int(11) NOT NULL,
  `content` varchar(500) CHARACTER SET utf8mb3 COLLATE utf8mb3_polish_ci NOT NULL,
  `date_added` datetime NOT NULL,
  `date_modified` datetime NOT NULL
) ENGINE=InnoDB DEFAULT CHARSET=utf8mb4 COLLATE=utf8mb4_polish_ci;

--
-- Zrzut danych tabeli `comments`
--

INSERT INTO `comments` (`id_comment`, `id_user`, `id_article`, `content`, `date_added`, `date_modified`) VALUES
(4, 19, 47, 'Śiwetna gra i recenzja, polecam', '2021-12-16 11:12:17', '2021-12-16 11:12:17'),
(5, 24, 52, 'Bardzo dobry artykuł', '2021-12-16 11:12:53', '2021-12-16 11:12:53'),
(6, 24, 52, 'Jeszcze jak\r\n', '2021-12-16 11:12:14', '2021-12-16 11:12:14'),
(7, 24, 53, 'Podoba mi się', '2021-12-16 11:12:31', '2021-12-16 11:12:31'),
(8, 23, 52, 'Oj tak bardzo', '2021-12-16 11:12:54', '2021-12-16 11:12:54'),
(9, 23, 54, 'Artykuł bardzo trafny', '2021-12-16 11:12:31', '2021-12-16 11:12:31');

-- --------------------------------------------------------

--
-- Struktura tabeli dla tabeli `roles`
--

CREATE TABLE `roles` (
  `name` varchar(25) COLLATE utf8mb4_polish_ci NOT NULL,
  `writing_articles` tinyint(1) DEFAULT NULL,
  `writing_comments` tinyint(1) DEFAULT NULL,
  `moderating` tinyint(1) DEFAULT NULL,
  `granting_permissions` tinyint(1) DEFAULT NULL,
  `id_role` int(11) NOT NULL
) ENGINE=InnoDB DEFAULT CHARSET=utf8mb4 COLLATE=utf8mb4_polish_ci;

--
-- Zrzut danych tabeli `roles`
--

INSERT INTO `roles` (`name`, `writing_articles`, `writing_comments`, `moderating`, `granting_permissions`, `id_role`) VALUES
('admin', 1, 1, 1, 1, 1),
('redactor', 1, 1, 0, 0, 3),
('standard user', 0, 1, 0, 0, 4);

-- --------------------------------------------------------

--
-- Struktura tabeli dla tabeli `users`
--

CREATE TABLE `users` (
  `id_user` int(11) NOT NULL,
  `username` varchar(20) COLLATE utf8mb4_polish_ci NOT NULL,
  `password` varchar(100) COLLATE utf8mb4_polish_ci DEFAULT NULL,
  `id_role` int(11) DEFAULT NULL
) ENGINE=InnoDB DEFAULT CHARSET=utf8mb4 COLLATE=utf8mb4_polish_ci;

--
-- Zrzut danych tabeli `users`
--

INSERT INTO `users` (`id_user`, `username`, `password`, `id_role`) VALUES
(0, 'nieznany', NULL, 4),
(19, 'admin', '$2y$10$4fwk/AaSIoFRn42bY4wvmuUkpGnG9bwCv5Vf0C.tNIHd7bwfTHxOG', 1),
(21, 'redaktor1', '$2y$10$YUp5AAdud37yEIVBDXr88.j7M2nwk8e3x1IPr5ls7rhSw4ePPGuqq', 3),
(23, 'redaktor2', '$2y$10$XhJscbjp2Tsqqod.cNe/1eARZ2GIe3X2.QBTsPWASuo7XVs5z5rfm', 3),
(24, 'adam', '$2y$10$QYXDUcFt/83.GjocWsnkquW8jgZzxQ2LSo7atJawEn4oszeIJ2.qm', 4);

--
-- Wyzwalacze `users`
--
DELIMITER $$
CREATE TRIGGER `USER_DELETE` BEFORE DELETE ON `users` FOR EACH ROW update articles set author=0 where author=OLD.id_user
$$
DELIMITER ;
DELIMITER $$
CREATE TRIGGER `USER_DELETE_MODERATOR` BEFORE DELETE ON `users` FOR EACH ROW update bans set id_moderator=0 where id_moderator=OLD.id_user
$$
DELIMITER ;

--
-- Indeksy dla zrzutów tabel
--

--
-- Indeksy dla tabeli `articles`
--
ALTER TABLE `articles`
  ADD PRIMARY KEY (`id_article`),
  ADD KEY `FK_AUTHOR` (`author`),
  ADD KEY `FK_CATEGORY` (`id_category`);

--
-- Indeksy dla tabeli `bans`
--
ALTER TABLE `bans`
  ADD PRIMARY KEY (`id_ban`),
  ADD KEY `FK_USER` (`id_user`),
  ADD KEY `FK_MODERATOR` (`id_moderator`);

--
-- Indeksy dla tabeli `categories`
--
ALTER TABLE `categories`
  ADD PRIMARY KEY (`id_category`),
  ADD UNIQUE KEY `name` (`name`);

--
-- Indeksy dla tabeli `comments`
--
ALTER TABLE `comments`
  ADD PRIMARY KEY (`id_comment`),
  ADD KEY `FK_ARTICLE` (`id_article`),
  ADD KEY `FK_COMMENT_AUTHOR` (`id_user`);

--
-- Indeksy dla tabeli `roles`
--
ALTER TABLE `roles`
  ADD PRIMARY KEY (`id_role`);

--
-- Indeksy dla tabeli `users`
--
ALTER TABLE `users`
  ADD PRIMARY KEY (`id_user`),
  ADD UNIQUE KEY `username` (`username`),
  ADD KEY `FK_ROLE` (`id_role`);

--
-- AUTO_INCREMENT dla zrzuconych tabel
--

--
-- AUTO_INCREMENT dla tabeli `articles`
--
ALTER TABLE `articles`
  MODIFY `id_article` int(11) NOT NULL AUTO_INCREMENT, AUTO_INCREMENT=55;

--
-- AUTO_INCREMENT dla tabeli `bans`
--
ALTER TABLE `bans`
  MODIFY `id_ban` int(11) NOT NULL AUTO_INCREMENT;

--
-- AUTO_INCREMENT dla tabeli `categories`
--
ALTER TABLE `categories`
  MODIFY `id_category` int(11) NOT NULL AUTO_INCREMENT, AUTO_INCREMENT=14;

--
-- AUTO_INCREMENT dla tabeli `comments`
--
ALTER TABLE `comments`
  MODIFY `id_comment` int(11) NOT NULL AUTO_INCREMENT, AUTO_INCREMENT=10;

--
-- AUTO_INCREMENT dla tabeli `roles`
--
ALTER TABLE `roles`
  MODIFY `id_role` int(11) NOT NULL AUTO_INCREMENT, AUTO_INCREMENT=5;

--
-- AUTO_INCREMENT dla tabeli `users`
--
ALTER TABLE `users`
  MODIFY `id_user` int(11) NOT NULL AUTO_INCREMENT, AUTO_INCREMENT=25;

--
-- Ograniczenia dla zrzutów tabel
--

--
-- Ograniczenia dla tabeli `articles`
--
ALTER TABLE `articles`
  ADD CONSTRAINT `FK_AUTHOR` FOREIGN KEY (`author`) REFERENCES `users` (`id_user`) ON DELETE SET NULL,
  ADD CONSTRAINT `FK_CATEGORY` FOREIGN KEY (`id_category`) REFERENCES `categories` (`id_category`);

--
-- Ograniczenia dla tabeli `bans`
--
ALTER TABLE `bans`
  ADD CONSTRAINT `FK_MODERATOR` FOREIGN KEY (`id_moderator`) REFERENCES `users` (`id_user`),
  ADD CONSTRAINT `FK_USER` FOREIGN KEY (`id_user`) REFERENCES `users` (`id_user`) ON DELETE CASCADE;

--
-- Ograniczenia dla tabeli `comments`
--
ALTER TABLE `comments`
  ADD CONSTRAINT `FK_ARTICLE` FOREIGN KEY (`id_article`) REFERENCES `articles` (`id_article`),
  ADD CONSTRAINT `FK_COMMENT_AUTHOR` FOREIGN KEY (`id_user`) REFERENCES `users` (`id_user`);

--
-- Ograniczenia dla tabeli `users`
--
ALTER TABLE `users`
  ADD CONSTRAINT `FK_ROLE` FOREIGN KEY (`id_role`) REFERENCES `roles` (`id_role`);
COMMIT;

/*!40101 SET CHARACTER_SET_CLIENT=@OLD_CHARACTER_SET_CLIENT */;
/*!40101 SET CHARACTER_SET_RESULTS=@OLD_CHARACTER_SET_RESULTS */;
/*!40101 SET COLLATION_CONNECTION=@OLD_COLLATION_CONNECTION */;
